train/episode,stats_g/std,test/episode,test/success_rate,stats_o/std,stats_o/mean,train/success_rate,test/mean_Q,epoch,stats_g/mean
20.0,0.09209015,10.0,0.0,0.055272505,0.21028605,0.0,-3.6922574,0,0.9016927
40.0,0.09599014,20.0,0.0,0.06577728,0.21008329,0.0,-7.4025106,1,0.8961217
60.0,0.097865246,30.0,0.1,0.069743425,0.21071401,0.0,-8.942268,2,0.89229316
80.0,0.09867103,40.0,0.6,0.07299597,0.20900026,0.0,-7.9534125,3,0.8876994
100.0,0.098632194,50.0,0.6,0.07147283,0.20872957,0.0,-8.473544,4,0.884865
120.0,0.09876432,60.0,0.6,0.07173577,0.20868671,0.0,-10.34122,5,0.8834882
140.0,0.09885975,70.0,0.1,0.072735,0.2092666,0.0,-10.780701,6,0.88286257
160.0,0.0987583,80.0,0.2,0.074202135,0.20868167,0.0,-15.499944,7,0.88097495
180.0,0.09848732,90.0,0.2,0.07550341,0.2085568,0.0,-16.772856,8,0.8794076
200.0,0.098693766,100.0,0.3,0.07811256,0.2077359,0.0,-15.812613,9,0.87784725
220.0,0.09876746,110.0,0.2,0.07706284,0.20787647,0.0,-16.603306,10,0.8774843
240.0,0.09835857,120.0,0.4,0.0763405,0.20741776,0.0,-16.813148,11,0.8761417
260.0,0.09797052,130.0,0.3,0.07597211,0.20734817,0.0,-17.68284,12,0.87517864
280.0,0.09773905,140.0,0.1,0.0753912,0.20730892,0.0,-18.88425,13,0.87430924
300.0,0.09753588,150.0,0.3,0.07453361,0.207159,0.0,-18.091898,14,0.87321585
320.0,0.09746244,160.0,0.2,0.07431068,0.20710176,0.0,-19.149408,15,0.8728898
340.0,0.09755274,170.0,0.1,0.07528212,0.20698218,0.0,-23.419605,16,0.8728442
360.0,0.09780693,180.0,0.6,0.07752232,0.20634767,0.0,-17.249016,17,0.8723879
380.0,0.09775248,190.0,0.1,0.078421004,0.20600271,0.0,-18.453487,18,0.8719704
400.0,0.09788839,200.0,0.4,0.07941813,0.20550846,0.0,-20.10625,19,0.87097913
420.0,0.097950675,210.0,0.3,0.07998798,0.20511791,0.0,-28.033579,20,0.8709057
440.0,0.09783093,220.0,0.2,0.08130124,0.20509468,0.0,-23.336355,21,0.87029415
460.0,0.0980258,230.0,0.5,0.08231279,0.20510353,0.0,-18.776333,22,0.86955833
480.0,0.09798788,240.0,0.8,0.08329457,0.20461418,0.0,-16.493664,23,0.8688288
500.0,0.09772473,250.0,0.2,0.08357384,0.2044823,0.0,-25.695642,24,0.8682205
520.0,0.097802244,260.0,0.4,0.08439749,0.20459218,0.0,-20.526676,25,0.8679151
540.0,0.097767375,270.0,0.6,0.08527893,0.20436381,0.0,-22.550564,26,0.8674658
560.0,0.09771732,280.0,0.6,0.08530754,0.20439538,0.0,-20.511711,27,0.86703306
580.0,0.09760318,290.0,0.1,0.08576525,0.20457774,0.0,-24.036198,28,0.8671529
600.0,0.09735828,300.0,0.1,0.08542374,0.20440795,0.0,-23.274254,29,0.866724
620.0,0.09731112,310.0,0.1,0.085216105,0.20419092,0.0,-26.533686,30,0.8662217
640.0,0.09709718,320.0,0.3,0.08563241,0.20425838,0.0,-21.249146,31,0.8653762
660.0,0.09713859,330.0,0.4,0.085567705,0.20420094,0.0,-24.582344,32,0.8653154
680.0,0.09706066,340.0,0.5,0.085504815,0.20408317,0.0,-20.343948,33,0.8650989
700.0,0.09706443,350.0,0.2,0.08558116,0.20428261,0.0,-24.876343,34,0.8652864
720.0,0.097082235,360.0,0.6,0.08624403,0.20424229,0.0,-23.64801,35,0.865071
740.0,0.09701854,370.0,0.5,0.086957276,0.20442583,0.0,-25.005339,36,0.86479205
760.0,0.09707286,380.0,0.4,0.087184146,0.20447879,0.0,-20.927862,37,0.8649773
780.0,0.09710065,390.0,0.3,0.087409474,0.20443128,0.0,-21.698355,38,0.86468893
800.0,0.0970693,400.0,0.0,0.08837491,0.20440584,0.0,-24.917454,39,0.8644566
820.0,0.09700041,410.0,0.5,0.088937,0.20428495,0.0,-18.706642,40,0.8642331
840.0,0.09696728,420.0,0.2,0.08948209,0.20423235,0.0,-25.511555,41,0.86400837
860.0,0.09708234,430.0,0.5,0.09034211,0.20420131,0.0,-14.196379,42,0.8637681
880.0,0.097104646,440.0,0.5,0.09109627,0.20414872,0.0,-23.907394,43,0.8634629
900.0,0.09707916,450.0,0.3,0.09155904,0.20413972,0.0,-24.924528,44,0.86313766
920.0,0.097135164,460.0,0.2,0.09187951,0.20382886,0.0,-25.977314,45,0.8626477
940.0,0.09699011,470.0,0.4,0.09287674,0.20393215,0.0,-20.590374,46,0.8625733
960.0,0.09702158,480.0,0.4,0.093057565,0.20376085,0.0,-24.20523,47,0.8624096
980.0,0.09690077,490.0,0.2,0.09340034,0.20371288,0.0,-23.735481,48,0.8622528
1000.0,0.097011544,500.0,0.1,0.09389975,0.20373063,0.0,-25.985508,49,0.8623107
1020.0,0.096907556,510.0,0.2,0.09394759,0.20386606,0.0,-24.789072,50,0.8621324
1040.0,0.09684495,520.0,0.4,0.09414917,0.20393948,0.0,-19.19367,51,0.86198664
1060.0,0.09687438,530.0,0.1,0.094317615,0.20406711,0.0,-28.255314,52,0.8619066
1080.0,0.0968573,540.0,0.4,0.094673395,0.20422637,0.0,-21.23685,53,0.861846
1100.0,0.09713667,550.0,0.1,0.09530642,0.20403002,0.0,-25.999012,54,0.8615728
1120.0,0.097223245,560.0,0.4,0.09604004,0.20378228,0.0,-21.926533,55,0.861357
1140.0,0.097253375,570.0,0.2,0.09749712,0.20363422,0.0,-21.235292,56,0.86112136
1160.0,0.09723876,580.0,0.1,0.09796445,0.20339032,0.0,-25.813175,57,0.86097145
1180.0,0.097235836,590.0,0.7,0.098233335,0.2034489,0.0,-18.786676,58,0.86079115
1200.0,0.097297035,600.0,0.0,0.098482676,0.20338356,0.0,-31.003109,59,0.8605542
1220.0,0.09802934,610.0,0.4,0.09903925,0.20339257,0.0,-21.025312,60,0.8604366
1240.0,0.09912417,620.0,0.1,0.09972586,0.20325261,0.0,-27.165974,61,0.86026245
1260.0,0.099107705,630.0,0.1,0.099843875,0.20316438,0.0,-21.286772,62,0.8602343
1280.0,0.09909312,640.0,0.0,0.09987007,0.2032325,0.0,-20.89413,63,0.860311
1300.0,0.09905217,650.0,0.1,0.09949088,0.20336607,0.0,-27.036419,64,0.8605172
1320.0,0.0988965,660.0,0.0,0.09930908,0.20336848,0.0,-28.715302,65,0.86027414
1340.0,0.09874842,670.0,0.1,0.09913104,0.20341519,0.0,-23.824177,66,0.8601559
1360.0,0.0988248,680.0,0.0,0.09910117,0.20327623,0.0,-24.864925,67,0.8601127
1380.0,0.098796465,690.0,0.1,0.098919466,0.20337342,0.0,-19.673838,68,0.8600452
1400.0,0.098718025,700.0,0.3,0.09883256,0.20335215,0.0,-25.372486,69,0.85983604
1420.0,0.09903556,710.0,0.0,0.09907726,0.20313966,0.0,-22.71932,70,0.8596792
1440.0,0.09897957,720.0,0.1,0.09916448,0.20298973,0.0,-27.603165,71,0.8594816
1460.0,0.099015474,730.0,0.0,0.09956728,0.20307107,0.0,-30.715551,72,0.85965186
1480.0,0.09904363,740.0,0.0,0.09980943,0.2029579,0.0,-25.452389,73,0.85949326
1500.0,0.09903004,750.0,0.0,0.100101344,0.20290224,0.0,-29.590206,74,0.8594241
1520.0,0.09907373,760.0,0.0,0.10054516,0.20280963,0.0,-27.529144,75,0.8593316
1540.0,0.09905565,770.0,0.0,0.10063428,0.20284986,0.0,-21.924973,76,0.85926557
1560.0,0.09906232,780.0,0.0,0.100708514,0.2028846,0.0,-25.278835,77,0.85916966
1580.0,0.09893938,790.0,0.0,0.10110664,0.2029175,0.0,-23.339725,78,0.8589153
1600.0,0.09898042,800.0,0.0,0.10126199,0.20303829,0.0,-24.168877,79,0.8587951
1620.0,0.09890864,810.0,0.0,0.101347506,0.20310396,0.0,-28.193024,80,0.85871774
1640.0,0.09926053,820.0,0.0,0.1017504,0.20323676,0.0,-26.078959,81,0.8586624
1660.0,0.09918364,830.0,0.0,0.10202676,0.20344293,0.0,-27.626404,82,0.8586707
1680.0,0.09923795,840.0,0.0,0.10228216,0.20335646,0.0,-30.123531,83,0.8585265
1700.0,0.09931123,850.0,0.0,0.10254928,0.20326975,0.0,-26.113392,84,0.8582062
1720.0,0.099292524,860.0,0.1,0.102725975,0.20331398,0.0,-24.2778,85,0.85818666
1740.0,0.0991984,870.0,0.1,0.10275314,0.20318295,0.0,-26.68194,86,0.8580819
1760.0,0.0991021,880.0,0.2,0.10263548,0.20320217,0.0,-25.143353,87,0.85812235
1780.0,0.09906972,890.0,0.0,0.102562465,0.203232,0.0,-27.465403,88,0.858126
1800.0,0.09893034,900.0,0.2,0.10264717,0.20317076,0.0,-27.223713,89,0.8580444
1820.0,0.09887829,910.0,0.0,0.102485456,0.20320094,0.0,-25.369818,90,0.8581857
1840.0,0.098771304,920.0,0.5,0.10250691,0.20319729,0.0,-23.457176,91,0.85825205
1860.0,0.09870141,930.0,0.2,0.10235174,0.20322017,0.0,-21.030336,92,0.8583038
1880.0,0.09873531,940.0,0.1,0.102211006,0.20326445,0.0,-17.583122,93,0.8584254
1900.0,0.09876648,950.0,0.0,0.102229685,0.20327997,0.0,-32.21267,94,0.85844547
1920.0,0.09878057,960.0,0.2,0.10225138,0.20331019,0.0,-24.892561,95,0.8584109
1940.0,0.09883235,970.0,0.2,0.102153234,0.20339566,0.0,-22.71642,96,0.85855037
1960.0,0.09897333,980.0,0.3,0.10249665,0.20342402,0.0,-25.045076,97,0.85854536
1980.0,0.09905014,990.0,0.1,0.10273025,0.20341024,0.0,-27.580109,98,0.85838896
2000.0,0.09910708,1000.0,0.1,0.10275404,0.20331573,0.0,-24.834404,99,0.8584352
2020.0,0.09972904,1010.0,0.2,0.10280085,0.20335114,0.0,-24.21328,100,0.85851645
2040.0,0.099696696,1020.0,0.1,0.102603234,0.20336722,0.0,-20.92199,101,0.8585265
2060.0,0.09969425,1030.0,0.1,0.102498665,0.20338637,0.0,-24.984272,102,0.8586046
2080.0,0.09971404,1040.0,0.3,0.10251346,0.20344129,0.0,-24.178577,103,0.8587098
2100.0,0.09966747,1050.0,0.2,0.10249333,0.20342447,0.0,-23.372904,104,0.8587025
2120.0,0.09957709,1060.0,0.1,0.10252723,0.2034385,0.0,-29.576212,105,0.8587527
2140.0,0.09950618,1070.0,0.2,0.10233623,0.20340918,0.0,-25.417744,106,0.8587775
2160.0,0.09941683,1080.0,0.3,0.10211421,0.20345445,0.0,-20.16472,107,0.8587745
2180.0,0.09934729,1090.0,0.3,0.10198092,0.20347452,0.0,-22.842915,108,0.8587537
2200.0,0.09931754,1100.0,0.0,0.101836994,0.2035051,0.0,-26.426693,109,0.8588435
2220.0,0.09964702,1110.0,0.5,0.10172497,0.2035024,0.0,-25.31662,110,0.8588496
2240.0,0.099719524,1120.0,0.4,0.101689436,0.20344791,0.0,-26.360622,111,0.858792
2260.0,0.09969133,1130.0,0.2,0.10158474,0.20345654,0.0,-21.73637,112,0.8588767
2280.0,0.09971842,1140.0,0.3,0.10162473,0.20340872,0.0,-26.672546,113,0.85883135
2300.0,0.09965336,1150.0,0.0,0.10156486,0.20345618,0.0,-30.959433,114,0.8588224
2320.0,0.09957134,1160.0,0.2,0.10139907,0.20342621,0.0,-24.67329,115,0.85881406
2340.0,0.09949198,1170.0,0.1,0.10126508,0.20346023,0.0,-28.44459,116,0.85880536
2360.0,0.0994583,1180.0,0.0,0.10099344,0.20348717,0.0,-28.14469,117,0.8589134
2380.0,0.09937342,1190.0,0.1,0.1007591,0.20350713,0.0,-30.03486,118,0.85885316
2400.0,0.09934982,1200.0,0.0,0.100492604,0.20348193,0.0,-27.344034,119,0.8588235
2420.0,0.09933102,1210.0,0.1,0.10056248,0.20347904,0.0,-28.92551,120,0.858782
2440.0,0.09925913,1220.0,0.0,0.10087439,0.20348015,0.0,-4.0039797,121,0.8587713
2460.0,0.09915361,1230.0,0.0,0.10140129,0.20349748,0.0,-9.71157,122,0.8587516
2480.0,0.09908089,1240.0,0.0,0.10191681,0.20351347,0.0,-13.926054,123,0.8587823
2500.0,0.099058665,1250.0,0.0,0.102490686,0.20354114,0.0,-13.999292,124,0.8588887
2520.0,0.09900958,1260.0,0.0,0.10269154,0.20353317,0.0,-11.944646,125,0.8588131
2540.0,0.09896949,1270.0,0.0,0.10281717,0.20353122,0.0,-11.615389,126,0.85882086
2560.0,0.09891299,1280.0,0.0,0.10276151,0.2035427,0.0,-12.020365,127,0.8588552
2580.0,0.09885108,1290.0,0.0,0.10257316,0.20355797,0.0,-13.748004,128,0.8588628
2600.0,0.09878836,1300.0,0.0,0.10233606,0.2035656,0.0,-15.643938,129,0.8588739
2620.0,0.09874728,1310.0,0.0,0.10209349,0.2035841,0.0,-16.648594,130,0.85892016
2640.0,0.09869879,1320.0,0.0,0.10182951,0.20358795,0.0,-20.121649,131,0.8589747
2660.0,0.09862717,1330.0,0.0,0.10157888,0.20359081,0.0,-19.128952,132,0.85901767
2680.0,0.09855268,1340.0,0.0,0.10130929,0.20359401,0.0,-25.21348,133,0.85901475
2700.0,0.098552324,1350.0,0.0,0.101119645,0.20358208,0.0,-24.150059,134,0.85907006
2720.0,0.09850816,1360.0,0.0,0.100982256,0.20359616,0.0,-28.553782,135,0.8590463
2740.0,0.09856417,1370.0,0.3,0.10086645,0.20357847,0.0,-23.575676,136,0.85909516
2760.0,0.09852284,1380.0,0.1,0.100743234,0.20353277,0.0,-21.513346,137,0.8591273
2780.0,0.098600626,1390.0,0.2,0.10067959,0.20353563,0.0,-26.94721,138,0.85923725
2800.0,0.098564215,1400.0,0.0,0.10074926,0.20343319,0.0,-24.906628,139,0.8591981
2820.0,0.09894389,1410.0,0.0,0.1008513,0.20336553,0.0,-22.667036,140,0.85921603
2840.0,0.09896904,1420.0,0.2,0.10087227,0.2033208,0.0,-26.914936,141,0.85926676
2860.0,0.09923621,1430.0,0.0,0.10111787,0.20338158,0.0,-29.430882,142,0.8593617
2880.0,0.09949461,1440.0,0.1,0.1012425,0.20340568,0.0,-27.158213,143,0.8594329
2900.0,0.099513374,1450.0,0.0,0.10129599,0.20344828,0.0,-29.108028,144,0.8594067
2920.0,0.0994693,1460.0,0.1,0.1012868,0.20339501,0.0,-28.9856,145,0.859399
2940.0,0.09947028,1470.0,0.0,0.101109646,0.20341045,0.0,-28.387747,146,0.8594487
2960.0,0.09955605,1480.0,0.1,0.101002425,0.2033723,0.0,-29.935114,147,0.85941476
2980.0,0.09954268,1490.0,0.0,0.10097455,0.2033745,0.0,-24.658504,148,0.85942525
3000.0,0.0994606,1500.0,0.0,0.100866206,0.20337358,0.0,-25.179968,149,0.85940653
3020.0,0.0994342,1510.0,0.0,0.10068566,0.20337363,0.0,-25.233913,150,0.8593971
3040.0,0.09936122,1520.0,0.1,0.100465566,0.2033805,0.0,-28.263086,151,0.8593831
3060.0,0.09931465,1530.0,0.1,0.10022132,0.20338799,0.0,-24.02762,152,0.8593795
3080.0,0.0992679,1540.0,0.0,0.09999821,0.20341212,0.0,-28.62727,153,0.85939354
3100.0,0.099257804,1550.0,0.1,0.099892035,0.20347914,0.0,-30.578714,154,0.85943794
3120.0,0.099213265,1560.0,0.0,0.099707454,0.20353039,0.0,-27.939997,155,0.85956794
3140.0,0.099189185,1570.0,0.1,0.09965724,0.20360956,0.0,-27.977396,156,0.8596597
3160.0,0.09920812,1580.0,0.0,0.09963271,0.20361152,0.0,-29.549356,157,0.8596155
3180.0,0.099165976,1590.0,0.0,0.09949922,0.20359226,0.0,-31.881474,158,0.85950786
3200.0,0.0991171,1600.0,0.0,0.09936378,0.2035994,0.0,-25.761776,159,0.85946274
3220.0,0.09913558,1610.0,0.2,0.0993578,0.20354092,0.0,-24.03674,160,0.85943633
3240.0,0.099140204,1620.0,0.0,0.099263795,0.20354825,0.0,-30.576736,161,0.85941905
3260.0,0.09910085,1630.0,0.1,0.09923306,0.20360164,0.0,-29.223764,162,0.8594523
3280.0,0.09904113,1640.0,0.0,0.09915746,0.20357786,0.0,-28.363415,163,0.8593394
3300.0,0.09899706,1650.0,0.1,0.09906509,0.20359398,0.0,-26.17515,164,0.85937595
3320.0,0.09893987,1660.0,0.1,0.09886237,0.20360972,0.0,-28.572086,165,0.8594025
3340.0,0.0989103,1670.0,0.0,0.098645695,0.20361878,0.0,-24.208294,166,0.8594237
3360.0,0.09887713,1680.0,0.0,0.09848261,0.20358042,0.0,-33.0308,167,0.85938483
3380.0,0.09881234,1690.0,0.1,0.09835007,0.20356214,0.0,-31.030207,168,0.8593072
3400.0,0.09908134,1700.0,0.0,0.098342985,0.20353732,0.0,-30.73762,169,0.8592978
3420.0,0.099086344,1710.0,0.0,0.098413706,0.2035122,0.0,-27.491802,170,0.85931
3440.0,0.099096686,1720.0,0.1,0.09838151,0.20354961,0.0,-26.658886,171,0.8592849
3460.0,0.09909803,1730.0,0.2,0.09836481,0.20355707,0.0,-30.449408,172,0.85931236
3480.0,0.09922662,1740.0,0.0,0.09840672,0.20355563,0.0,-32.29413,173,0.8592724
3500.0,0.09918851,1750.0,0.1,0.09834674,0.20356238,0.0,-23.813753,174,0.8592348
3520.0,0.09917966,1760.0,0.0,0.09836468,0.20358114,0.0,-28.751862,175,0.8592574
3540.0,0.09917483,1770.0,0.1,0.09835564,0.20357472,0.0,-28.967443,176,0.8592692
3560.0,0.09912761,1780.0,0.1,0.09825093,0.20356424,0.0,-31.332882,177,0.85930246
3580.0,0.09912434,1790.0,0.1,0.098113224,0.20355394,0.0,-25.75613,178,0.8593106
3600.0,0.09910574,1800.0,0.1,0.097973496,0.20353943,0.0,-26.771082,179,0.85929936
3620.0,0.09906957,1810.0,0.0,0.09788853,0.20357557,0.0,-32.183296,180,0.85931563
3640.0,0.09906372,1820.0,0.1,0.09773891,0.20354864,0.0,-30.828968,181,0.8593106
3660.0,0.09901499,1830.0,0.0,0.09763029,0.2035519,0.0,-35.455566,182,0.85932094
3680.0,0.099005364,1840.0,0.0,0.09755379,0.2035388,0.0,-31.866821,183,0.85940295
3700.0,0.09900948,1850.0,0.0,0.09753115,0.20353216,0.0,-35.815742,184,0.85943556
3720.0,0.09893629,1860.0,0.0,0.0974889,0.20356566,0.0,-29.759747,185,0.85940593
3740.0,0.098920465,1870.0,0.2,0.097406425,0.20355883,0.0,-31.745916,186,0.85936946
3760.0,0.098885655,1880.0,0.2,0.09726593,0.20356908,0.0,-32.58381,187,0.8593778
3780.0,0.09884591,1890.0,0.1,0.097147405,0.20358258,0.0,-33.876717,188,0.8593738
3800.0,0.09880694,1900.0,0.1,0.09702758,0.20357925,0.0,-33.985622,189,0.8593684
3820.0,0.09875673,1910.0,0.2,0.09694113,0.20357433,0.0,-31.651138,190,0.85936946
3840.0,0.098735444,1920.0,0.1,0.09683002,0.20360394,0.0,-32.8543,191,0.8593929
3860.0,0.09870104,1930.0,0.3,0.09673559,0.20361046,0.0,-33.350258,192,0.859438
3880.0,0.09867344,1940.0,0.0,0.096697025,0.20360416,0.0,-26.317806,193,0.85949343
3900.0,0.098640405,1950.0,0.0,0.096667096,0.20355424,0.0,-26.553818,194,0.85946673
3920.0,0.09861106,1960.0,0.0,0.09661028,0.20356919,0.0,-31.397564,195,0.8595275
3940.0,0.09861194,1970.0,0.0,0.09664297,0.20353043,0.0,-31.013336,196,0.8595008
3960.0,0.09860996,1980.0,0.1,0.096640736,0.20355883,0.0,-25.263855,197,0.8595212
3980.0,0.098632395,1990.0,0.2,0.09667923,0.2035832,0.0,-19.339527,198,0.85950327
4000.0,0.09876119,2000.0,0.0,0.09668702,0.2036126,0.0,-25.213987,199,0.8594925
4020.0,0.098787785,2010.0,0.3,0.09682455,0.20363666,0.0,-24.687138,200,0.8595323
4040.0,0.09879335,2020.0,0.2,0.09688349,0.20362853,0.0,-24.615015,201,0.8595056
4060.0,0.09876615,2030.0,0.2,0.09698565,0.20360611,0.0,-22.144535,202,0.85949105
4080.0,0.09874419,2040.0,0.1,0.09704734,0.20358877,0.05,-20.532894,203,0.8594463
4100.0,0.09886074,2050.0,0.1,0.09715338,0.2036057,0.0,-23.917625,204,0.8594692
4120.0,0.09889289,2060.0,0.1,0.097305425,0.20360948,0.0,-28.202902,205,0.8594616
4140.0,0.09886467,2070.0,0.1,0.097286284,0.20363615,0.0,-25.955011,206,0.85944486
4160.0,0.098851226,2080.0,0.2,0.09728023,0.20364042,0.0,-19.733744,207,0.8594181
4180.0,0.09906911,2090.0,0.2,0.097356826,0.20362493,0.0,-25.637989,208,0.8593529
4200.0,0.09908438,2100.0,0.3,0.09752867,0.20361677,0.0,-23.427698,209,0.8593314
4220.0,0.09914961,2110.0,0.1,0.097668275,0.20362999,0.0,-22.2864,210,0.8593177
4240.0,0.09922427,2120.0,0.0,0.097851776,0.20363638,0.0,-27.255627,211,0.85927796
4260.0,0.09925377,2130.0,0.5,0.097933084,0.20359632,0.0,-18.082108,212,0.8592691
4280.0,0.09922722,2140.0,0.1,0.098110646,0.20355462,0.0,-27.652058,213,0.8592035
4300.0,0.09925059,2150.0,0.2,0.09815423,0.20353618,0.0,-22.10003,214,0.8592368
4320.0,0.09926957,2160.0,0.2,0.09818967,0.20356005,0.0,-17.162323,215,0.85925055
4340.0,0.09923514,2170.0,0.1,0.0982443,0.20359251,0.0,-20.88422,216,0.8592598
4360.0,0.09921668,2180.0,0.2,0.09834871,0.20358425,0.0,-23.135265,217,0.859276
4380.0,0.09918368,2190.0,0.0,0.09832597,0.20357364,0.0,-20.026617,218,0.8593018
4400.0,0.099155724,2200.0,0.2,0.0983124,0.20359644,0.0,-15.054596,219,0.85930777
4420.0,0.09913234,2210.0,0.0,0.09844305,0.20364007,0.0,-21.903065,220,0.8593307
4440.0,0.09911514,2220.0,0.0,0.09867777,0.20365791,0.0,-17.574825,221,0.85935503
4460.0,0.09908214,2230.0,0.1,0.09885907,0.20367324,0.0,-10.64012,222,0.8593919
4480.0,0.0990356,2240.0,0.0,0.09898448,0.20367947,0.0,-11.853043,223,0.8593865
4500.0,0.09901544,2250.0,0.0,0.09899512,0.20367472,0.0,-15.836324,224,0.85936445
4520.0,0.098985374,2260.0,0.2,0.09892785,0.20366956,0.0,-16.539837,225,0.8593433
4540.0,0.09897119,2270.0,0.0,0.09881395,0.20366253,0.0,-18.11533,226,0.85932285
4560.0,0.09892788,2280.0,0.1,0.0986769,0.20367835,0.0,-17.086712,227,0.85936695
4580.0,0.09889547,2290.0,0.1,0.09859978,0.20366395,0.0,-21.98785,228,0.85938627
4600.0,0.09887773,2300.0,0.2,0.098497115,0.20364328,0.0,-17.652185,229,0.8594005
4620.0,0.09884963,2310.0,0.1,0.09842358,0.20361184,0.0,-19.456821,230,0.8593579
4640.0,0.09883884,2320.0,0.0,0.09834531,0.20358998,0.0,-22.46599,231,0.8593037
4660.0,0.098802425,2330.0,0.1,0.09829735,0.20357758,0.0,-17.625816,232,0.85925627
4680.0,0.09877651,2340.0,0.3,0.09828172,0.20357257,0.0,-19.138552,233,0.85927296
4700.0,0.09877417,2350.0,0.1,0.098294824,0.20359989,0.0,-27.095022,234,0.85923845
4720.0,0.098742336,2360.0,0.1,0.09832592,0.2035605,0.0,-21.756062,235,0.85919285
4740.0,0.09872687,2370.0,0.2,0.09836511,0.20359182,0.0,-20.669567,236,0.8592089
4760.0,0.09870893,2380.0,0.3,0.098412335,0.20357935,0.0,-15.00358,237,0.85919523
4780.0,0.09872272,2390.0,0.5,0.09841231,0.20356867,0.0,-17.130716,238,0.85917526
4800.0,0.09871763,2400.0,0.1,0.09860379,0.20357324,0.0,-22.56494,239,0.85916716
4820.0,0.09870899,2410.0,0.1,0.098649696,0.20357276,0.0,-17.047144,240,0.85912496
4840.0,0.09869379,2420.0,0.2,0.09865172,0.20353453,0.05,-25.884884,241,0.8591099
4860.0,0.09878486,2430.0,0.1,0.09882024,0.20350958,0.0,-20.488876,242,0.8590982
4880.0,0.098781906,2440.0,0.3,0.09893362,0.20349568,0.0,-15.82752,243,0.8591072
4900.0,0.09881411,2450.0,0.2,0.09904497,0.2034676,0.0,-21.205938,244,0.85907966
4920.0,0.09877795,2460.0,0.5,0.09908698,0.2034663,0.0,-17.940218,245,0.8590316
4940.0,0.098869495,2470.0,0.2,0.09927453,0.2034156,0.0,-14.959526,246,0.85898226
4960.0,0.09885792,2480.0,0.1,0.09924934,0.20341569,0.0,-23.661777,247,0.85896987
4980.0,0.0988246,2490.0,0.2,0.09920516,0.20344202,0.0,-25.555172,248,0.8589809
5000.0,0.09880653,2500.0,0.1,0.09910886,0.20345254,0.0,-24.235048,249,0.8589991
5020.0,0.09876896,2510.0,0.0,0.09904323,0.20347364,0.0,-20.272736,250,0.85898584
5040.0,0.0987476,2520.0,0.0,0.09907463,0.20348892,0.0,-22.662249,251,0.85900444
5060.0,0.098823346,2530.0,0.4,0.09906026,0.20347992,0.0,-19.382313,252,0.8589708
5080.0,0.09884741,2540.0,0.2,0.09902246,0.20349394,0.0,-15.962149,253,0.8589273
5100.0,0.098806106,2550.0,0.2,0.09910385,0.20349017,0.0,-16.40004,254,0.8588944
5120.0,0.098786175,2560.0,0.5,0.099113576,0.203498,0.0,-13.42366,255,0.858898
5140.0,0.098783486,2570.0,0.0,0.099112846,0.2035138,0.0,-18.048721,256,0.8589255
5160.0,0.09877411,2580.0,0.5,0.09916898,0.2034895,0.0,-14.629016,257,0.85895795
5180.0,0.09877207,2590.0,0.2,0.09923425,0.20350866,0.0,-15.639501,258,0.8589826
5200.0,0.09876857,2600.0,0.0,0.09929552,0.2035225,0.0,-13.269861,259,0.8589969
5220.0,0.09890399,2610.0,0.0,0.09938435,0.2035077,0.0,-12.614932,260,0.85895604
5240.0,0.098915644,2620.0,0.2,0.09949661,0.20346446,0.0,-12.953565,261,0.85897017
5260.0,0.098967016,2630.0,0.3,0.09962194,0.20344797,0.0,-13.782725,262,0.8589556
5280.0,0.09896044,2640.0,0.0,0.09972425,0.20344011,0.0,-16.744373,263,0.8589466
5300.0,0.09896257,2650.0,0.1,0.09979184,0.20344225,0.0,-14.9323,264,0.85896796
5320.0,0.09896358,2660.0,0.5,0.099893644,0.20347261,0.0,-15.940041,265,0.8589563
5340.0,0.09894427,2670.0,0.2,0.09995164,0.2034594,0.0,-14.358424,266,0.85895115
5360.0,0.09891429,2680.0,0.1,0.09995655,0.20346051,0.0,-12.941223,267,0.85895425
5380.0,0.098884545,2690.0,0.2,0.09994293,0.20347638,0.0,-10.833872,268,0.85894364
5400.0,0.09885579,2700.0,0.2,0.09990599,0.20347832,0.0,-15.788135,269,0.85893303
5420.0,0.09884483,2710.0,0.3,0.099842414,0.20348354,0.0,-13.16523,270,0.8589075
5440.0,0.09882752,2720.0,0.2,0.099804305,0.2034983,0.0,-11.307502,271,0.85892075
5460.0,0.098837055,2730.0,0.2,0.099778995,0.20352164,0.0,-16.711786,272,0.8589414
5480.0,0.09883853,2740.0,0.3,0.09982828,0.20351669,0.0,-16.667206,273,0.85897034
5500.0,0.098845385,2750.0,0.2,0.099807635,0.203522,0.0,-15.977587,274,0.8589923
5520.0,0.09885552,2760.0,0.2,0.099851534,0.20353782,0.0,-10.103819,275,0.85904366
5540.0,0.09885168,2770.0,0.3,0.09999691,0.20355867,0.0,-10.915998,276,0.8590587
5560.0,0.09882096,2780.0,0.4,0.10006221,0.20355047,0.0,-15.012988,277,0.85905427
5580.0,0.09883688,2790.0,0.1,0.10009511,0.20349252,0.0,-8.665933,278,0.8589873
5600.0,0.0988667,2800.0,0.2,0.10026214,0.20347923,0.0,-10.362097,279,0.85896236
5620.0,0.09891522,2810.0,0.5,0.100397035,0.20350523,0.0,-17.506924,280,0.8589847
5640.0,0.098952144,2820.0,0.1,0.10049274,0.20352861,0.0,-7.3268557,281,0.8589621
5660.0,0.0989754,2830.0,0.3,0.1005746,0.20352924,0.0,-15.52679,282,0.85897464
5680.0,0.09903421,2840.0,0.0,0.10068861,0.20352739,0.0,-11.006867,283,0.85901356
5700.0,0.099174716,2850.0,0.3,0.10084768,0.20357175,0.0,-11.44702,284,0.85907626
5720.0,0.099279664,2860.0,0.4,0.10102024,0.20358163,0.0,-12.568189,285,0.85905904
5740.0,0.09931543,2870.0,0.1,0.10111347,0.20355661,0.0,-15.213422,286,0.8590142
5760.0,0.09932684,2880.0,0.4,0.1011637,0.2035316,0.0,-12.264172,287,0.8590629
5780.0,0.09936265,2890.0,0.2,0.10122799,0.20348822,0.0,-14.874649,288,0.859091
5800.0,0.099345416,2900.0,0.0,0.10129895,0.20349048,0.0,-23.373398,289,0.8590962
5820.0,0.09945148,2910.0,0.3,0.101383895,0.2034725,0.0,-13.436508,290,0.8590751
5840.0,0.09946536,2920.0,0.3,0.10145708,0.2034574,0.0,-12.911443,291,0.85912627
5860.0,0.099452384,2930.0,0.1,0.10160408,0.20343985,0.0,-19.910671,292,0.85914856
5880.0,0.09953656,2940.0,0.4,0.1017346,0.20341928,0.0,-10.11389,293,0.8591524
5900.0,0.09955587,2950.0,0.2,0.101905786,0.2034445,0.0,-16.620394,294,0.8591418
5920.0,0.099594854,2960.0,0.1,0.10201203,0.20343567,0.0,-14.221309,295,0.85919285
5940.0,0.09969912,2970.0,0.3,0.10217687,0.2033914,0.0,-16.899994,296,0.8591605
5960.0,0.09998856,2980.0,0.3,0.10244509,0.20339641,0.0,-13.727536,297,0.8591699
5980.0,0.10003331,2990.0,0.2,0.102494605,0.2034195,0.0,-13.01707,298,0.8592312
6000.0,0.10007322,3000.0,0.1,0.102645986,0.20337659,0.0,-14.778546,299,0.8592246
6020.0,0.10010583,3010.0,0.2,0.10279641,0.20334741,0.0,-13.112864,300,0.85923046
6040.0,0.10020447,3020.0,0.2,0.102923974,0.20334834,0.0,-11.382831,301,0.85924125
6060.0,0.100271426,3030.0,0.3,0.10312005,0.20331758,0.0,-14.360809,302,0.859258
6080.0,0.10027424,3040.0,0.3,0.103225745,0.20330994,0.0,-11.894183,303,0.85925645
6100.0,0.10035712,3050.0,0.4,0.10335627,0.2033222,0.0,-13.681499,304,0.8592934
6120.0,0.10047713,3060.0,0.0,0.1034545,0.2033128,0.0,-24.6753,305,0.8592766
6140.0,0.10052785,3070.0,0.6,0.10359933,0.20335084,0.0,-10.633278,306,0.8593347
6160.0,0.100670815,3080.0,0.3,0.1037552,0.2033897,0.0,-7.458663,307,0.85942525
6180.0,0.100656785,3090.0,0.4,0.103873245,0.2033769,0.0,-8.942478,308,0.85943705
6200.0,0.10068218,3100.0,0.1,0.104100935,0.20338748,0.0,-11.426397,309,0.85942644
6220.0,0.10077629,3110.0,0.0,0.10428099,0.20339756,0.0,-6.4600573,310,0.8594074
6240.0,0.10084028,3120.0,0.3,0.10440105,0.20338802,0.0,-7.643286,311,0.85942477
6260.0,0.10090935,3130.0,0.5,0.10458411,0.20336457,0.0,-7.109308,312,0.85933274
6280.0,0.101014934,3140.0,0.1,0.10470356,0.20335083,0.0,-13.258858,313,0.8593096
6300.0,0.10102579,3150.0,0.3,0.104823895,0.2033664,0.0,-14.101008,314,0.8593521
6320.0,0.10101837,3160.0,0.5,0.10489096,0.20335802,0.0,-7.818282,315,0.85938
6340.0,0.10105286,3170.0,0.3,0.105014585,0.20338188,0.0,-5.689414,316,0.8594329
6360.0,0.1011323,3180.0,0.4,0.10515367,0.20336913,0.0,-10.434931,317,0.85947436
6380.0,0.10119275,3190.0,0.2,0.10526118,0.20336534,0.0,-6.032438,318,0.85945296
6400.0,0.10120431,3200.0,0.1,0.10539851,0.20338175,0.0,-12.148138,319,0.8594969
6420.0,0.10130497,3210.0,0.4,0.10564459,0.20340988,0.0,-7.491651,320,0.8595193
6440.0,0.10127822,3220.0,0.1,0.105772585,0.20342481,0.0,-9.49124,321,0.8595007
6460.0,0.10133121,3230.0,0.1,0.105883285,0.20342845,0.0,-5.8533816,322,0.85953975
6480.0,0.10136718,3240.0,0.4,0.106024005,0.20343658,0.0,-5.7009296,323,0.85956603
6500.0,0.10146159,3250.0,0.1,0.106144555,0.20338428,0.0,-7.7884626,324,0.85959977
6520.0,0.101492524,3260.0,0.2,0.10633228,0.20335825,0.0,-7.451361,325,0.85963297
6540.0,0.10154954,3270.0,0.2,0.10649667,0.20335633,0.0,-6.983542,326,0.85963506
6560.0,0.101569355,3280.0,0.4,0.10664138,0.20339252,0.0,-7.5813684,327,0.85967016
6580.0,0.10157452,3290.0,0.0,0.10673144,0.20338722,0.0,-6.8503675,328,0.85963464
6600.0,0.10158643,3300.0,0.1,0.10681847,0.20339541,0.0,-7.499434,329,0.8596719
6620.0,0.10165658,3310.0,0.2,0.10698914,0.20337307,0.0,-6.8605623,330,0.85969543
6640.0,0.10177825,3320.0,0.1,0.10718785,0.20340317,0.0,-7.876912,331,0.8597596
6660.0,0.10191786,3330.0,0.3,0.10733267,0.20342663,0.0,-8.864611,332,0.85976607
6680.0,0.10195903,3340.0,0.6,0.10745934,0.20340534,0.0,-6.780117,333,0.85975116
6700.0,0.10213393,3350.0,0.2,0.10765744,0.20341258,0.0,-9.206072,334,0.85979265
6720.0,0.1021905,3360.0,0.2,0.10778045,0.20345429,0.0,-8.108455,335,0.85984325
6740.0,0.10219169,3370.0,0.1,0.107914455,0.20345879,0.0,-6.2094436,336,0.8598668
6760.0,0.10231193,3380.0,0.2,0.10803328,0.20347048,0.0,-10.841711,337,0.8599112
6780.0,0.10244156,3390.0,0.2,0.10825604,0.20343645,0.0,-5.393762,338,0.85991883
6800.0,0.102722466,3400.0,0.0,0.108467855,0.20341744,0.0,-9.204733,339,0.85994846
6820.0,0.102943785,3410.0,0.4,0.108653106,0.20344645,0.0,-9.112958,340,0.85994893
6840.0,0.103037775,3420.0,0.5,0.10878788,0.20347768,0.0,-7.002141,341,0.86000514
6860.0,0.10320415,3430.0,0.0,0.1089346,0.20343173,0.0,-8.142557,342,0.86002666
6880.0,0.10340742,3440.0,0.0,0.10903402,0.20343424,0.0,-21.535671,343,0.86004895
6900.0,0.10371021,3450.0,0.0,0.109322034,0.20346907,0.0,-9.489538,344,0.86009693
6920.0,0.103931725,3460.0,0.3,0.10947657,0.20347331,0.0,-8.322395,345,0.8601758
6940.0,0.10404252,3470.0,0.5,0.10962811,0.20348094,0.0,-7.265889,346,0.86021096
6960.0,0.104096025,3480.0,0.2,0.10971812,0.2034942,0.0,-6.148076,347,0.8602614
6980.0,0.10417017,3490.0,0.1,0.10982613,0.20352335,0.0,-6.9281387,348,0.86027795
7000.0,0.10440418,3500.0,0.1,0.1099827,0.20347965,0.0,-9.004526,349,0.86029524
7020.0,0.10455891,3510.0,0.1,0.11017674,0.20349559,0.0,-7.5520005,350,0.86031276
7040.0,0.10461714,3520.0,0.2,0.11029413,0.20344101,0.0,-6.7291145,351,0.8603079
7060.0,0.104645856,3530.0,0.1,0.11042264,0.20345832,0.0,-6.2364693,352,0.8602615
7080.0,0.1046679,3540.0,0.2,0.11056781,0.2034115,0.0,-5.695318,353,0.8602528
7100.0,0.104705594,3550.0,0.3,0.11077868,0.20341404,0.0,-5.4531965,354,0.86025816
7120.0,0.104737125,3560.0,0.2,0.11088583,0.20335084,0.0,-6.115546,355,0.8602478
7140.0,0.10474312,3570.0,0.3,0.11096038,0.20335287,0.0,-5.216253,356,0.8602808
7160.0,0.10477573,3580.0,0.3,0.11107639,0.20332849,0.0,-5.6201086,357,0.8602836
7180.0,0.10481316,3590.0,0.3,0.111223705,0.20333453,0.0,-5.723703,358,0.86024815
7200.0,0.10480564,3600.0,0.4,0.11133231,0.20338812,0.0,-5.8588543,359,0.86026496
7220.0,0.10499549,3610.0,0.4,0.11146219,0.2033264,0.0,-6.5116615,360,0.860272
7240.0,0.10512703,3620.0,0.1,0.11160136,0.20335886,0.0,-6.7871237,361,0.86032367
7260.0,0.105213016,3630.0,0.2,0.111769535,0.20337915,0.0,-6.381579,362,0.86033654
7280.0,0.105241925,3640.0,0.3,0.11187704,0.20338012,0.0,-6.901461,363,0.86036044
7300.0,0.1053566,3650.0,0.2,0.11201619,0.2033925,0.0,-5.8361735,364,0.86035174
7320.0,0.10538665,3660.0,0.4,0.112126715,0.20338601,0.0,-6.944242,365,0.8603588
7340.0,0.105405904,3670.0,0.4,0.11224951,0.20333786,0.05,-8.859121,366,0.860342
7360.0,0.105469905,3680.0,0.3,0.112348855,0.20335604,0.0,-8.457936,367,0.8603603
7380.0,0.10557637,3690.0,0.3,0.11250817,0.20336983,0.0,-8.2094345,368,0.86034924
7400.0,0.105644904,3700.0,0.4,0.11261547,0.20335518,0.05,-6.112244,369,0.8603361
7420.0,0.10573425,3710.0,0.4,0.11274535,0.20339707,0.0,-6.5106773,370,0.86035347
7440.0,0.10574573,3720.0,0.4,0.112877846,0.20335451,0.0,-7.5557113,371,0.8603713
7460.0,0.10591024,3730.0,0.4,0.113091856,0.20333938,0.0,-6.798089,372,0.860375
7480.0,0.105987854,3740.0,0.2,0.11319778,0.20336086,0.05,-9.48503,373,0.86035687
7500.0,0.10607511,3750.0,0.3,0.11334653,0.20338613,0.05,-6.5777063,374,0.8604171
7520.0,0.10617876,3760.0,0.5,0.11347059,0.20338553,0.0,-6.365259,375,0.8604366
7540.0,0.10625478,3770.0,0.5,0.11364074,0.20336033,0.0,-5.5279593,376,0.8604393
7560.0,0.10625448,3780.0,0.2,0.11374977,0.20338432,0.0,-6.069407,377,0.860451
7580.0,0.106325805,3790.0,0.1,0.1139301,0.20340213,0.0,-8.1697645,378,0.8604824
7600.0,0.10648789,3800.0,0.4,0.11412535,0.20333487,0.0,-6.288422,379,0.86047333
7620.0,0.106543474,3810.0,0.6,0.11426288,0.20331734,0.0,-6.216465,380,0.86045295
7640.0,0.10656399,3820.0,0.4,0.1143498,0.20330212,0.0,-5.760138,381,0.86047107
7660.0,0.10664013,3830.0,0.6,0.114473365,0.20328721,0.0,-5.245733,382,0.86046964
7680.0,0.10665951,3840.0,0.4,0.11454807,0.20330893,0.0,-6.573476,383,0.8604934
7700.0,0.106819175,3850.0,0.5,0.114665106,0.20331013,0.0,-5.568663,384,0.8605132
7720.0,0.10682786,3860.0,0.5,0.1147498,0.203323,0.0,-5.5043783,385,0.8605278
7740.0,0.10684215,3870.0,0.6,0.11490972,0.20332402,0.05,-6.630989,386,0.860513
7760.0,0.10703438,3880.0,0.4,0.11502304,0.20329699,0.0,-5.690591,387,0.8605075
7780.0,0.107089184,3890.0,0.4,0.11507301,0.20324568,0.0,-6.440432,388,0.86048895
7800.0,0.107117236,3900.0,0.6,0.11519283,0.203235,0.0,-5.3832254,389,0.86050344
7820.0,0.10710472,3910.0,0.4,0.11528908,0.20324005,0.0,-5.322497,390,0.86052054
7840.0,0.10709394,3920.0,0.9,0.11528077,0.20323227,0.0,-5.2599726,391,0.86055404
7860.0,0.10710771,3930.0,0.6,0.11529286,0.20324421,0.0,-5.6747584,392,0.8606271
7880.0,0.107165195,3940.0,0.6,0.11532657,0.20324369,0.0,-5.630283,393,0.86063725
7900.0,0.1072338,3950.0,0.6,0.11539721,0.20321356,0.0,-8.379989,394,0.86060494
7920.0,0.10725478,3960.0,0.3,0.11549166,0.20320465,0.0,-6.480773,395,0.8606212
7940.0,0.10724916,3970.0,0.4,0.11555603,0.2031951,0.0,-5.9176726,396,0.86062604
7960.0,0.10728096,3980.0,0.5,0.11563693,0.20317325,0.0,-7.177623,397,0.86063606
7980.0,0.10731304,3990.0,0.3,0.11574235,0.20317174,0.0,-7.4405465,398,0.8606406
8000.0,0.10730662,4000.0,0.3,0.11581499,0.20317066,0.0,-6.4621725,399,0.8606518
8020.0,0.10742893,4010.0,0.6,0.11589172,0.20318563,0.05,-6.163892,400,0.8606708
8040.0,0.10742072,4020.0,0.5,0.11599075,0.2031884,0.0,-6.6292334,401,0.8606401
8060.0,0.10750923,4030.0,0.7,0.11608876,0.203174,0.0,-6.3491783,402,0.86064005
8080.0,0.10764774,4040.0,0.4,0.11619668,0.20322552,0.05,-6.931826,403,0.860708
8100.0,0.10771716,4050.0,0.7,0.1163056,0.20326374,0.05,-6.0676436,404,0.86070746
8120.0,0.10774442,4060.0,0.7,0.116410434,0.20328978,0.0,-6.2448597,405,0.8607394
8140.0,0.107749246,4070.0,0.7,0.116491534,0.20327355,0.0,-6.342623,406,0.8607657
8160.0,0.10782797,4080.0,0.7,0.116638854,0.20332104,0.0,-8.251913,407,0.86078185
8180.0,0.10785986,4090.0,0.8,0.11671079,0.20334055,0.0,-5.7806787,408,0.86077756
8200.0,0.10787567,4100.0,0.5,0.11682063,0.20332825,0.05,-7.6950126,409,0.8607404
8220.0,0.10786281,4110.0,0.4,0.11687693,0.20332584,0.0,-7.420476,410,0.86077505
8240.0,0.107952036,4120.0,0.8,0.1169516,0.20331466,0.05,-7.1682634,411,0.8607392
8260.0,0.10804168,4130.0,0.7,0.11702404,0.20332168,0.05,-6.20037,412,0.8606841
8280.0,0.10804248,4140.0,0.7,0.11710386,0.2032993,0.0,-6.3367243,413,0.8607011
8300.0,0.108046144,4150.0,0.9,0.11711317,0.20329385,0.0,-6.2673526,414,0.8607211
8320.0,0.10802796,4160.0,0.9,0.11718194,0.20334712,0.05,-6.5802736,415,0.86075574
8340.0,0.10804995,4170.0,0.7,0.117219694,0.20336144,0.0,-6.8678718,416,0.8607716
8360.0,0.1081027,4180.0,0.4,0.117286816,0.20332588,0.05,-6.742724,417,0.86077505
8380.0,0.10814428,4190.0,0.6,0.117341205,0.20333776,0.0,-6.5886793,418,0.8608187
8400.0,0.10815374,4200.0,0.9,0.117471926,0.20336626,0.0,-6.3871894,419,0.86084205
8420.0,0.10823938,4210.0,0.5,0.11754981,0.20334257,0.0,-9.311363,420,0.86080533
8440.0,0.10828048,4220.0,0.7,0.11761499,0.20333672,0.0,-9.254675,421,0.8608028
8460.0,0.10832888,4230.0,0.8,0.11763359,0.20335571,0.0,-7.3281174,422,0.86080986
8480.0,0.10843655,4240.0,0.5,0.11778171,0.20338537,0.0,-6.171704,423,0.86083215
8500.0,0.10846823,4250.0,0.5,0.11785121,0.203413,0.0,-6.359462,424,0.8608675
8520.0,0.108546555,4260.0,0.6,0.117991515,0.2034273,0.0,-7.2401915,425,0.8608245
8540.0,0.10856076,4270.0,0.6,0.11803609,0.20340809,0.0,-6.190258,426,0.8608268
8560.0,0.10860715,4280.0,0.5,0.11811288,0.20340756,0.0,-7.8170204,427,0.86083347
8580.0,0.108714424,4290.0,0.4,0.11823454,0.20338523,0.05,-6.2657385,428,0.86080295
8600.0,0.10887927,4300.0,0.6,0.118318945,0.20339271,0.05,-6.7544928,429,0.8608728
8620.0,0.108875625,4310.0,0.5,0.118392356,0.20338598,0.0,-7.148,430,0.8608863
8640.0,0.10893614,4320.0,0.6,0.11847868,0.20339374,0.05,-6.275856,431,0.86091727
8660.0,0.10904648,4330.0,0.8,0.11853664,0.20339034,0.0,-7.1820283,432,0.8609433
8680.0,0.10907483,4340.0,0.8,0.118651465,0.20339032,0.0,-8.7817135,433,0.8609338
8700.0,0.10911712,4350.0,0.7,0.118732,0.20338535,0.0,-8.558675,434,0.86095494
8720.0,0.109193444,4360.0,0.5,0.1188177,0.2033919,0.0,-8.423452,435,0.86094505
8740.0,0.10917009,4370.0,0.8,0.11887517,0.2033749,0.0,-7.879593,436,0.86094826
8760.0,0.10916398,4380.0,0.9,0.118961036,0.20336363,0.05,-6.1196413,437,0.8609535
8780.0,0.10918953,4390.0,0.9,0.119054355,0.20336792,0.0,-5.8147335,438,0.8609677
8800.0,0.109172314,4400.0,0.6,0.11915363,0.20340553,0.0,-6.404512,439,0.8609783
8820.0,0.109214425,4410.0,0.8,0.11918675,0.2034109,0.1,-7.2668486,440,0.8609522
8840.0,0.109205246,4420.0,0.8,0.11922316,0.2033925,0.0,-6.8233833,441,0.8609529
8860.0,0.10922132,4430.0,0.7,0.119299,0.20340765,0.0,-5.615894,442,0.8609707
8880.0,0.10922086,4440.0,0.5,0.11935114,0.20340423,0.0,-9.159744,443,0.86100125
8900.0,0.109311014,4450.0,0.6,0.1194647,0.20338908,0.05,-6.4376307,444,0.8610039
8920.0,0.109305404,4460.0,0.5,0.11952629,0.20340784,0.05,-6.7342744,445,0.86102206
8940.0,0.10934317,4470.0,0.8,0.11965724,0.20338029,0.0,-6.644843,446,0.86100936
8960.0,0.109327786,4480.0,0.8,0.119714424,0.20338947,0.0,-6.0286856,447,0.86102444
8980.0,0.10935124,4490.0,0.4,0.11977742,0.20337158,0.0,-10.718666,448,0.86101395
9000.0,0.1093845,4500.0,0.6,0.11982458,0.20336811,0.05,-8.222921,449,0.8610225
9020.0,0.1094133,4510.0,0.8,0.119928315,0.20340073,0.0,-7.4635367,450,0.8609846
9040.0,0.10939956,4520.0,0.8,0.120013945,0.20339257,0.0,-6.912014,451,0.8609932
9060.0,0.10947343,4530.0,0.8,0.12005518,0.2034259,0.0,-8.398157,452,0.86103064
9080.0,0.109499305,4540.0,0.8,0.120090514,0.2034318,0.05,-6.758668,453,0.8609938
9100.0,0.109464824,4550.0,1.0,0.12014842,0.20342548,0.05,-6.495443,454,0.86101705
9120.0,0.10961649,4560.0,0.7,0.12018298,0.20342743,0.0,-7.7497954,455,0.8609881
9140.0,0.10964113,4570.0,0.7,0.12027976,0.20342577,0.05,-8.804959,456,0.8610081
9160.0,0.10961411,4580.0,0.6,0.12032643,0.20344801,0.0,-6.2465925,457,0.86100626
9180.0,0.10963849,4590.0,0.5,0.120376766,0.20347404,0.05,-7.068943,458,0.86101335
9200.0,0.109622784,4600.0,0.5,0.12035939,0.20348722,0.0,-9.168,459,0.8610511
9220.0,0.10960028,4610.0,0.8,0.12046464,0.20346989,0.05,-5.449764,460,0.8610744
9240.0,0.1096195,4620.0,0.5,0.12052983,0.20347084,0.05,-6.497899,461,0.8610718
9260.0,0.109611414,4630.0,0.4,0.12057996,0.20346817,0.0,-7.2369614,462,0.8610361
9280.0,0.109620504,4640.0,0.6,0.120623544,0.20348373,0.0,-6.037441,463,0.86100864
9300.0,0.10961596,4650.0,0.7,0.12066904,0.20347732,0.0,-5.942645,464,0.8609939
9320.0,0.1096313,4660.0,0.6,0.12076535,0.20348285,0.0,-7.249298,465,0.86100703
9340.0,0.10961784,4670.0,0.5,0.12080359,0.20351513,0.05,-7.2460847,466,0.8610249
9360.0,0.109633505,4680.0,0.7,0.12085971,0.20350336,0.0,-5.8971863,467,0.86102706
9380.0,0.109733306,4690.0,0.4,0.120950736,0.20350976,0.05,-7.0000954,468,0.86102
9400.0,0.10970766,4700.0,0.7,0.12097617,0.2035126,0.05,-6.2598314,469,0.8610487
9420.0,0.10972024,4710.0,0.8,0.12102458,0.20353928,0.05,-5.412899,470,0.8610887
9440.0,0.10970058,4720.0,0.8,0.12103488,0.20355538,0.05,-7.627341,471,0.86113435
9460.0,0.109694175,4730.0,0.4,0.121085174,0.20352371,0.05,-6.2176237,472,0.8611214
9480.0,0.10974801,4740.0,1.0,0.12112117,0.20352155,0.1,-5.03406,473,0.8611276
9500.0,0.10979364,4750.0,0.6,0.12118022,0.2035138,0.0,-5.8307,474,0.8611114
9520.0,0.109793924,4760.0,0.6,0.12127372,0.20349607,0.05,-6.3276224,475,0.8611292
9540.0,0.109762035,4770.0,0.6,0.12130386,0.20348413,0.0,-6.199488,476,0.86109596
9560.0,0.109824575,4780.0,0.5,0.121360995,0.20349178,0.05,-5.5113363,477,0.8611142
9580.0,0.109814025,4790.0,1.0,0.121414654,0.20348985,0.05,-4.419828,478,0.8611264
9600.0,0.10982549,4800.0,0.7,0.12147985,0.20346934,0.05,-5.5096335,479,0.8610919
9620.0,0.10985605,4810.0,0.7,0.12149879,0.20345978,0.0,-5.4063964,480,0.8610971
9640.0,0.10982635,4820.0,0.7,0.12153502,0.2034641,0.05,-4.580424,481,0.8611112
9660.0,0.10980451,4830.0,0.5,0.121577576,0.20349412,0.0,-6.596438,482,0.8611314
9680.0,0.10978957,4840.0,0.6,0.12162046,0.20349392,0.0,-7.897116,483,0.861139
9700.0,0.10984864,4850.0,0.6,0.12171221,0.20350334,0.0,-6.045582,484,0.8611748
9720.0,0.10999543,4860.0,0.6,0.12178563,0.2035008,0.0,-4.423152,485,0.8611565
9740.0,0.11001199,4870.0,0.5,0.12184597,0.2035024,0.0,-4.549839,486,0.86115927
9760.0,0.11003091,4880.0,0.9,0.12191493,0.20349586,0.0,-6.303562,487,0.8611689
9780.0,0.11002642,4890.0,0.8,0.1219773,0.20350134,0.0,-4.6761565,488,0.86116534
9800.0,0.11003109,4900.0,0.8,0.122040235,0.20349044,0.05,-6.4574738,489,0.8611794
9820.0,0.110011555,4910.0,0.9,0.12207352,0.20347288,0.0,-4.170541,490,0.8611841
9840.0,0.11003077,4920.0,0.8,0.12212249,0.20347351,0.1,-5.1857004,491,0.8612047
9860.0,0.11007377,4930.0,1.0,0.12214966,0.20346855,0.05,-3.733364,492,0.8612282
9880.0,0.11008438,4940.0,0.7,0.122204095,0.20348306,0.05,-6.158715,493,0.86122656
9900.0,0.11011999,4950.0,0.8,0.1222468,0.20350604,0.0,-5.411908,494,0.8612697
9920.0,0.110114664,4960.0,0.9,0.12228565,0.20350178,0.05,-5.708304,495,0.8612885
9940.0,0.11011688,4970.0,1.0,0.12233519,0.20349877,0.0,-4.8997564,496,0.86126643
9960.0,0.110120475,4980.0,0.8,0.122372,0.20351869,0.0,-6.3484063,497,0.86129624
9980.0,0.11015823,4990.0,0.7,0.12247352,0.20354086,0.0,-5.359375,498,0.8612891
10000.0,0.11017862,5000.0,0.8,0.122520484,0.20354913,0.0,-5.996114,499,0.8612998
10020.0,0.1102351,5010.0,0.9,0.122572035,0.20355529,0.0,-4.0850825,500,0.86131686
10040.0,0.11028471,5020.0,0.8,0.12264455,0.20355995,0.0,-5.6810613,501,0.86127853
10060.0,0.11029637,5030.0,0.7,0.12270587,0.20350508,0.05,-5.8315673,502,0.8612385
10080.0,0.11028087,5040.0,0.6,0.12274545,0.20352377,0.0,-5.5299673,503,0.86125153
10100.0,0.110251896,5050.0,0.7,0.12277946,0.20355864,0.0,-6.314958,504,0.8612507
10120.0,0.11027738,5060.0,0.9,0.12278232,0.20357294,0.0,-6.047264,505,0.86123323
10140.0,0.11026645,5070.0,0.7,0.12281969,0.20358543,0.0,-6.9586654,506,0.8612361
10160.0,0.11031934,5080.0,0.8,0.12289251,0.2035942,0.0,-6.040674,507,0.86121535
10180.0,0.110428154,5090.0,0.8,0.12300358,0.20355962,0.0,-5.6092534,508,0.8611792
10200.0,0.11050046,5100.0,0.9,0.12307291,0.20354372,0.0,-4.430873,509,0.86115104
10220.0,0.110490344,5110.0,0.7,0.123086415,0.203573,0.0,-7.6447725,510,0.86116743
10240.0,0.11054754,5120.0,1.0,0.1231201,0.20357819,0.05,-3.8468583,511,0.8611601
10260.0,0.11065348,5130.0,0.7,0.12316275,0.20358005,0.05,-6.5866804,512,0.8611738
10280.0,0.110639274,5140.0,0.6,0.123214014,0.20358916,0.0,-5.671319,513,0.8611596
10300.0,0.110650934,5150.0,0.8,0.12321898,0.20358175,0.05,-5.4938636,514,0.8612016
10320.0,0.110622466,5160.0,1.0,0.123262174,0.20357901,0.0,-4.824697,515,0.86120224
10340.0,0.11064035,5170.0,0.7,0.12331796,0.20355533,0.1,-6.21837,516,0.861221
10360.0,0.11062164,5180.0,0.7,0.123326086,0.2035446,0.0,-5.44089,517,0.8612341
10380.0,0.11060258,5190.0,0.8,0.12334778,0.20351319,0.0,-5.985591,518,0.86123663
10400.0,0.1106039,5200.0,0.7,0.12342674,0.20353493,0.0,-8.613802,519,0.86125237
10420.0,0.110607944,5210.0,0.8,0.12345542,0.20353466,0.05,-5.853427,520,0.86126333
10440.0,0.11062821,5220.0,0.9,0.12346754,0.20355602,0.05,-6.7594643,521,0.86130166
10460.0,0.11061167,5230.0,0.8,0.123485126,0.20357738,0.15,-5.9862576,522,0.86132455
10480.0,0.1105918,5240.0,1.0,0.12349799,0.20358612,0.15,-5.7808213,523,0.8613407
10500.0,0.11075878,5250.0,0.6,0.12355965,0.20358624,0.05,-5.888815,524,0.86128235
10520.0,0.11076698,5260.0,0.7,0.123586275,0.20357981,0.0,-5.5748034,525,0.86126304
10540.0,0.11078612,5270.0,1.0,0.12364765,0.20356171,0.0,-4.475791,526,0.86128545
10560.0,0.11077694,5280.0,0.7,0.123675935,0.20358424,0.05,-5.2284,527,0.8613224
10580.0,0.11079653,5290.0,0.6,0.12373696,0.2035853,0.0,-6.9865646,528,0.8613269
10600.0,0.11079361,5300.0,1.0,0.12377368,0.20356254,0.1,-4.312022,529,0.8613477
10620.0,0.11079904,5310.0,0.6,0.12380767,0.20356442,0.05,-7.385544,530,0.86134845
10640.0,0.11078975,5320.0,0.8,0.123860724,0.20359722,0.0,-6.613372,531,0.86134154
10660.0,0.11079963,5330.0,0.8,0.123878956,0.20360205,0.05,-7.2660675,532,0.8613563
10680.0,0.110835195,5340.0,0.7,0.12394704,0.20360315,0.05,-4.9556246,533,0.86133987
10700.0,0.11085677,5350.0,0.7,0.123999745,0.20361416,0.0,-4.502924,534,0.86136085
10720.0,0.11087432,5360.0,0.8,0.12403792,0.20363265,0.0,-5.465693,535,0.86137843
10740.0,0.11089444,5370.0,0.9,0.12408318,0.20361014,0.0,-4.9064293,536,0.8613734
10760.0,0.11096252,5380.0,0.9,0.12412705,0.20361333,0.0,-4.7706127,537,0.8613846
10780.0,0.11097769,5390.0,1.0,0.124169394,0.20361654,0.05,-5.381445,538,0.86143285
10800.0,0.110976666,5400.0,0.7,0.12423072,0.20361663,0.1,-7.1957307,539,0.8614502
10820.0,0.11101127,5410.0,0.8,0.12430206,0.2036433,0.0,-4.707707,540,0.86146975
10840.0,0.11099296,5420.0,0.8,0.12432143,0.20365976,0.2,-6.296182,541,0.8615164
10860.0,0.11102336,5430.0,0.7,0.124350846,0.2036743,0.0,-6.314681,542,0.8615437
10880.0,0.11100218,5440.0,0.8,0.124369286,0.20366299,0.0,-5.4930906,543,0.8615691
10900.0,0.111022174,5450.0,0.5,0.12443175,0.20367025,0.05,-7.287883,544,0.86155397
10920.0,0.11105993,5460.0,0.9,0.124479465,0.20366669,0.0,-5.7078066,545,0.86154747
10940.0,0.11104218,5470.0,0.9,0.12452265,0.20366667,0.05,-7.1850405,546,0.8615547
10960.0,0.111061074,5480.0,0.7,0.12460061,0.2036463,0.05,-6.3017225,547,0.86152476
10980.0,0.11109231,5490.0,0.8,0.12463541,0.20367248,0.0,-7.5464563,548,0.861512
11000.0,0.11110276,5500.0,0.8,0.12466393,0.20366602,0.0,-7.6216965,549,0.86153936
11020.0,0.11115333,5510.0,0.8,0.12470112,0.20367897,0.1,-8.08858,550,0.86158466
11040.0,0.11119521,5520.0,0.7,0.12471368,0.20367236,0.1,-8.936281,551,0.8616014
11060.0,0.111192085,5530.0,0.9,0.12474415,0.20367186,0.15,-5.231519,552,0.86160916
11080.0,0.11118829,5540.0,0.8,0.12478706,0.20365894,0.0,-7.3375587,553,0.86162347
11100.0,0.11119822,5550.0,0.8,0.124818064,0.20363861,0.05,-7.0534463,554,0.86163837
11120.0,0.111184835,5560.0,0.8,0.12486077,0.2036373,0.05,-4.2787023,555,0.8616248
11140.0,0.11119431,5570.0,0.8,0.12491601,0.20363979,0.0,-6.2201767,556,0.8616417
11160.0,0.1112163,5580.0,0.8,0.12498961,0.20360461,0.05,-5.0431466,557,0.8616476
11180.0,0.11119405,5590.0,0.7,0.12502784,0.20358993,0.1,-7.224471,558,0.8616638
11200.0,0.1112575,5600.0,0.8,0.12506819,0.20358591,0.1,-5.74955,559,0.86169034
11220.0,0.11127719,5610.0,0.9,0.12514669,0.20359087,0.0,-6.806279,560,0.8616573
11240.0,0.1112623,5620.0,0.6,0.1251683,0.2036126,0.05,-6.7508116,561,0.8616654
11260.0,0.11127385,5630.0,0.9,0.12518515,0.20360532,0.0,-5.6813607,562,0.861667
11280.0,0.111286044,5640.0,0.7,0.1252385,0.20360436,0.0,-6.6755114,563,0.86165833
11300.0,0.111277044,5650.0,0.8,0.12526026,0.20360567,0.05,-10.088532,564,0.8616972
11320.0,0.11124408,5660.0,0.7,0.12526937,0.20360176,0.05,-7.5975876,565,0.86170644
11340.0,0.111278296,5670.0,0.9,0.1253215,0.20360035,0.0,-5.767817,566,0.86172646
11360.0,0.11126992,5680.0,0.8,0.1253382,0.2036171,0.0,-5.9247904,567,0.8617534
11380.0,0.111267604,5690.0,0.6,0.12536596,0.2036209,0.1,-6.144372,568,0.86180633
11400.0,0.11129055,5700.0,0.9,0.12539712,0.20362331,0.05,-6.300064,569,0.86182255
11420.0,0.11133721,5710.0,0.9,0.12542546,0.20359263,0.05,-6.7679954,570,0.8618246
11440.0,0.11136019,5720.0,0.7,0.12548882,0.20360027,0.0,-5.139228,571,0.86182386
11460.0,0.1113467,5730.0,0.9,0.12552737,0.20357807,0.0,-5.277146,572,0.8618181
11480.0,0.111425586,5740.0,0.9,0.12558536,0.20356391,0.0,-6.0775385,573,0.8618102
11500.0,0.11141775,5750.0,0.7,0.12558043,0.20355035,0.15,-5.4646907,574,0.8618217
11520.0,0.11144182,5760.0,0.7,0.1256088,0.20356418,0.0,-9.155053,575,0.8618422
11540.0,0.11147598,5770.0,0.9,0.12563397,0.20356174,0.05,-9.323954,576,0.8618371
11560.0,0.11147971,5780.0,0.8,0.12564655,0.20357502,0.15,-6.666623,577,0.8618884
11580.0,0.11145884,5790.0,0.5,0.12568851,0.2035878,0.05,-6.126536,578,0.86189294
11600.0,0.11147132,5800.0,0.5,0.12574235,0.20358421,0.05,-5.4640512,579,0.86189693
11620.0,0.11149329,5810.0,0.6,0.12579662,0.20357215,0.1,-7.387207,580,0.8618736
11640.0,0.11147728,5820.0,0.8,0.12580384,0.20359543,0.15,-4.4628096,581,0.861924
11660.0,0.111472666,5830.0,0.8,0.1258003,0.20358405,0.3,-5.523938,582,0.8619383
11680.0,0.111504436,5840.0,0.8,0.12583701,0.20358616,0.05,-4.6092935,583,0.86196774
11700.0,0.11150471,5850.0,0.7,0.12586111,0.20357929,0.05,-5.236544,584,0.8619864
11720.0,0.11149659,5860.0,0.9,0.12586652,0.20360164,0.05,-4.476881,585,0.86201805
11740.0,0.11152011,5870.0,1.0,0.12590393,0.2036088,0.0,-4.410939,586,0.8620165
11760.0,0.11152136,5880.0,0.2,0.125912,0.20358904,0.05,-16.574148,587,0.8620427
11780.0,0.11158336,5890.0,0.7,0.12594569,0.2035908,0.0,-7.333051,588,0.86201876
11800.0,0.11159789,5900.0,1.0,0.12599668,0.2035863,0.15,-4.6667843,589,0.8620162
11820.0,0.1116439,5910.0,0.9,0.12603831,0.20358977,0.1,-5.3971505,590,0.86202663
11840.0,0.11163205,5920.0,0.8,0.12607644,0.20360813,0.0,-4.817355,591,0.862055
11860.0,0.11163852,5930.0,0.8,0.1260983,0.20360881,0.1,-5.338154,592,0.86208534
11880.0,0.11168786,5940.0,0.8,0.12614135,0.20360489,0.05,-5.1331663,593,0.8621111
11900.0,0.11168512,5950.0,0.8,0.12617213,0.20359264,0.05,-6.540335,594,0.8621261
11920.0,0.11176125,5960.0,0.9,0.12620632,0.20360707,0.05,-5.4995437,595,0.86215764
11940.0,0.11175692,5970.0,0.9,0.12622163,0.20362137,0.15,-4.704257,596,0.86217624
11960.0,0.11175253,5980.0,0.8,0.1262505,0.20362875,0.1,-7.406769,597,0.8621855
11980.0,0.11177784,5990.0,0.8,0.12628695,0.20360932,0.0,-5.330938,598,0.8621745
12000.0,0.1118037,6000.0,1.0,0.12633587,0.20359634,0.0,-3.8576195,599,0.8621555
12020.0,0.11181092,6010.0,0.9,0.12634414,0.2035982,0.05,-6.2086654,600,0.86215883
12040.0,0.111795224,6020.0,1.0,0.12636167,0.20358235,0.0,-4.293338,601,0.86215943
12060.0,0.11177989,6030.0,0.9,0.12638034,0.20356627,0.0,-4.2683897,602,0.86214995
12080.0,0.11177569,6040.0,0.9,0.1264181,0.20354147,0.05,-4.966575,603,0.86214656
12100.0,0.11177733,6050.0,0.7,0.12646118,0.20354338,0.0,-5.4465003,604,0.8621416
12120.0,0.11176226,6060.0,1.0,0.12645513,0.20354223,0.05,-3.2079804,605,0.8621657
12140.0,0.1117518,6070.0,0.8,0.12648092,0.20353617,0.1,-4.9372787,606,0.8621578
12160.0,0.11174045,6080.0,0.8,0.12647642,0.20352638,0.0,-5.1584644,607,0.8621671
12180.0,0.11181453,6090.0,0.6,0.12651564,0.20352241,0.05,-4.603162,608,0.8621469
12200.0,0.111795425,6100.0,0.8,0.12653784,0.20353483,0.05,-4.772885,609,0.8621557
12220.0,0.111797385,6110.0,0.9,0.12655604,0.20354491,0.0,-4.7129645,610,0.86217064
12240.0,0.111824125,6120.0,1.0,0.12658362,0.20355459,0.0,-4.5413847,611,0.8621767
12260.0,0.11182263,6130.0,0.7,0.126622,0.20354421,0.05,-5.8246927,612,0.8621907
12280.0,0.11183826,6140.0,0.5,0.12664632,0.20352869,0.1,-6.2445183,613,0.8621978
12300.0,0.11187955,6150.0,0.6,0.12667063,0.20350307,0.0,-6.6450057,614,0.86219925
12320.0,0.11187455,6160.0,1.0,0.12666517,0.20349988,0.05,-4.746108,615,0.8622183
12340.0,0.11187748,6170.0,0.9,0.12666103,0.20350781,0.2,-4.308371,616,0.8622472
12360.0,0.11187041,6180.0,0.9,0.12669066,0.20351546,0.1,-4.392798,617,0.86227685
12380.0,0.111883126,6190.0,0.7,0.12671627,0.20351654,0.05,-4.195955,618,0.8622928
12400.0,0.11191383,6200.0,0.9,0.12673709,0.20349899,0.1,-3.6231778,619,0.86229014
12420.0,0.111943565,6210.0,0.8,0.12677886,0.20351565,0.1,-7.0842085,620,0.86231107
12440.0,0.11192318,6220.0,1.0,0.12677848,0.20351996,0.1,-4.857962,621,0.86232
12460.0,0.111910544,6230.0,0.9,0.1267822,0.20350076,0.0,-4.1397824,622,0.862335
12480.0,0.11189026,6240.0,0.9,0.12678741,0.20347911,0.1,-4.2714515,623,0.86235696
12500.0,0.11187813,6250.0,0.9,0.12682602,0.2034804,0.1,-6.0854506,624,0.86237574
12520.0,0.111871205,6260.0,0.7,0.1268295,0.20349719,0.15,-5.8727965,625,0.8624225
12540.0,0.11188539,6270.0,0.9,0.12684843,0.2035055,0.1,-4.957862,626,0.8624327
12560.0,0.11188731,6280.0,0.9,0.12686908,0.20350054,0.2,-6.8498344,627,0.86246425
12580.0,0.11187142,6290.0,0.9,0.12687288,0.2035242,0.0,-4.231184,628,0.8624661
12600.0,0.1118838,6300.0,0.7,0.12691602,0.20352589,0.0,-5.354625,629,0.8624607
12620.0,0.11186528,6310.0,0.8,0.12691274,0.20354155,0.0,-5.153458,630,0.86246824
12640.0,0.111884,6320.0,0.9,0.12692288,0.2035419,0.15,-3.9700153,631,0.86248475
12660.0,0.11192999,6330.0,0.8,0.12693632,0.20353857,0.15,-6.126275,632,0.8625071
12680.0,0.11200432,6340.0,0.9,0.1269837,0.20353061,0.1,-4.9945555,633,0.8625409
12700.0,0.111999296,6350.0,0.9,0.12701285,0.20353605,0.05,-4.6710844,634,0.86255836
12720.0,0.11200136,6360.0,1.0,0.1270389,0.20354182,0.05,-4.4644213,635,0.862586
12740.0,0.11199703,6370.0,0.8,0.12708247,0.20352463,0.0,-4.29482,636,0.86259395
12760.0,0.11199536,6380.0,0.9,0.12710366,0.20350654,0.05,-4.6175056,637,0.86258364
12780.0,0.1120044,6390.0,1.0,0.12711847,0.20348996,0.0,-4.0505133,638,0.8625702
12800.0,0.11200467,6400.0,1.0,0.12715784,0.20347998,0.05,-3.8300653,639,0.86256576
12820.0,0.11200733,6410.0,1.0,0.12719071,0.20347692,0.0,-4.0029917,640,0.8625837
12840.0,0.11202795,6420.0,0.9,0.12722236,0.20347145,0.1,-3.7694974,641,0.8626117
12860.0,0.112023115,6430.0,0.9,0.127248,0.20349139,0.0,-3.8272495,642,0.86262983
12880.0,0.11201799,6440.0,1.0,0.1272681,0.20349644,0.0,-4.472709,643,0.86262614
12900.0,0.11203996,6450.0,0.9,0.12731665,0.20349632,0.0,-3.562378,644,0.8626106
12920.0,0.112051465,6460.0,1.0,0.12732852,0.20349647,0.05,-4.343953,645,0.86264557
12940.0,0.11204686,6470.0,0.8,0.12734047,0.2035192,0.15,-4.1736045,646,0.86266786
12960.0,0.11202094,6480.0,1.0,0.12734301,0.2035177,0.05,-4.3800235,647,0.8626712
12980.0,0.11200867,6490.0,0.6,0.12734716,0.20352411,0.05,-5.4206553,648,0.8626855
13000.0,0.11200289,6500.0,1.0,0.12736276,0.20352902,0.05,-4.4716897,649,0.8626936
13020.0,0.112012714,6510.0,0.9,0.1273893,0.20353776,0.05,-3.3361468,650,0.8626875
13040.0,0.11204624,6520.0,0.9,0.12741102,0.20354882,0.05,-4.1573143,651,0.8627208
13060.0,0.11207602,6530.0,0.9,0.12741779,0.20354927,0.05,-4.5747857,652,0.8627505
13080.0,0.112076424,6540.0,0.9,0.12743673,0.20355639,0.0,-5.2559786,653,0.8627477
13100.0,0.11205745,6550.0,0.8,0.12748818,0.20356157,0.05,-7.1725264,654,0.86274904
13120.0,0.112099566,6560.0,0.7,0.12751108,0.20355372,0.05,-5.158407,655,0.8627696
13140.0,0.11207357,6570.0,0.8,0.12754874,0.20353308,0.05,-3.5322742,656,0.8627673
13160.0,0.11208641,6580.0,0.9,0.12756222,0.20352583,0.0,-5.22323,657,0.86276656
13180.0,0.11211426,6590.0,1.0,0.127595,0.20353138,0.0,-4.1424356,658,0.8627758
13200.0,0.112113394,6600.0,0.9,0.12759684,0.20353182,0.05,-4.311183,659,0.8628008
13220.0,0.11211491,6610.0,0.9,0.12762439,0.20354497,0.1,-3.6607022,660,0.86282563
13240.0,0.11212049,6620.0,0.8,0.12763485,0.20354733,0.05,-5.731062,661,0.86286026
13260.0,0.11215029,6630.0,1.0,0.12769502,0.20357771,0.05,-4.930925,662,0.8628761
13280.0,0.11213651,6640.0,0.8,0.127684,0.20356676,0.05,-4.177112,663,0.8628762
13300.0,0.11215938,6650.0,0.8,0.12768942,0.20355026,0.0,-5.0255256,664,0.8628731
13320.0,0.1122004,6660.0,0.9,0.12769833,0.20356457,0.0,-4.135881,665,0.8628935
13340.0,0.11220279,6670.0,1.0,0.1277248,0.20357403,0.05,-4.0133615,666,0.8628965
13360.0,0.11217902,6680.0,1.0,0.12775914,0.20358936,0.0,-4.2704725,667,0.86290455
13380.0,0.11216116,6690.0,0.7,0.1277675,0.20360763,0.05,-4.1590853,668,0.862942
13400.0,0.11214503,6700.0,0.8,0.12779407,0.20361532,0.05,-3.9318593,669,0.862943
13420.0,0.11213696,6710.0,1.0,0.12780923,0.20360598,0.15,-3.2448754,670,0.8629585
13440.0,0.1121461,6720.0,0.7,0.12781557,0.2036027,0.1,-6.50973,671,0.86296207
13460.0,0.11213777,6730.0,0.9,0.12783448,0.20358945,0.05,-4.661079,672,0.8629573
13480.0,0.11212259,6740.0,0.9,0.12781887,0.20358084,0.05,-5.081142,673,0.8629673
13500.0,0.11214445,6750.0,1.0,0.12783915,0.20356078,0.05,-4.216731,674,0.86296606
13520.0,0.112119265,6760.0,0.9,0.1278746,0.20357981,0.0,-5.11653,675,0.8629811
13540.0,0.112107396,6770.0,0.9,0.12790798,0.20360678,0.0,-4.676112,676,0.8630183
13560.0,0.112099074,6780.0,0.9,0.12789841,0.20360819,0.0,-3.3658295,677,0.863034
13580.0,0.1120756,6790.0,0.9,0.1279108,0.20360252,0.0,-5.17673,678,0.8630523
13600.0,0.11206188,6800.0,1.0,0.12791833,0.20361674,0.1,-3.7966683,679,0.8630743
13620.0,0.112085134,6810.0,1.0,0.12791196,0.20363122,0.05,-3.1634114,680,0.86310583
13640.0,0.112083584,6820.0,1.0,0.12792899,0.2036242,0.1,-3.6703506,681,0.8631325
13660.0,0.11207739,6830.0,1.0,0.12793007,0.20363346,0.15,-3.6682897,682,0.8631442
13680.0,0.11209843,6840.0,0.7,0.1279717,0.20364502,0.1,-6.635096,683,0.8631611
13700.0,0.11208383,6850.0,0.8,0.12798783,0.20364818,0.1,-3.727892,684,0.86319107
13720.0,0.112068675,6860.0,1.0,0.12798825,0.20364408,0.1,-4.2068295,685,0.8632145
13740.0,0.11207258,6870.0,0.9,0.1280155,0.20362741,0.0,-4.0208826,686,0.86320704
13760.0,0.11207297,6880.0,0.6,0.128025,0.20363496,0.1,-4.0627875,687,0.86321336
13780.0,0.11207912,6890.0,0.9,0.12806053,0.20363173,0.0,-3.6703525,688,0.8632045
13800.0,0.11206925,6900.0,0.9,0.12807429,0.20364468,0.05,-3.7443326,689,0.8632104
13820.0,0.11204804,6910.0,0.7,0.12807067,0.20363222,0.1,-4.2544394,690,0.86322755
13840.0,0.112050414,6920.0,0.7,0.12808757,0.20363547,0.05,-8.361177,691,0.8632388
13860.0,0.11203593,6930.0,0.8,0.12811373,0.20362519,0.05,-3.8354125,692,0.8632527
13880.0,0.112013616,6940.0,0.7,0.1281126,0.20361847,0.05,-4.0239134,693,0.8632715
13900.0,0.112038195,6950.0,0.7,0.12815371,0.20363085,0.0,-4.5386915,694,0.8632812
13920.0,0.11203975,6960.0,0.8,0.12815686,0.20363247,0.1,-5.1623697,695,0.8632875
13940.0,0.112036385,6970.0,0.8,0.12816626,0.20363194,0.05,-4.1766768,696,0.86329675
13960.0,0.11202041,6980.0,0.8,0.12818943,0.20362198,0.0,-7.658886,697,0.8632907
13980.0,0.112027444,6990.0,0.8,0.12819237,0.20361163,0.05,-4.866912,698,0.86331004
14000.0,0.11209029,7000.0,0.9,0.1282215,0.203629,0.0,-4.30107,699,0.86331266
14020.0,0.11208481,7010.0,1.0,0.12824193,0.20360504,0.1,-3.2882068,700,0.8633073
14040.0,0.11208909,7020.0,0.9,0.12827589,0.20359646,0.1,-3.9360974,701,0.8633184
14060.0,0.112072684,7030.0,0.9,0.12830825,0.20361888,0.25,-3.5593944,702,0.863343
14080.0,0.112055205,7040.0,0.9,0.12832487,0.20361675,0.05,-3.2720554,703,0.86335367
14100.0,0.11205238,7050.0,0.9,0.12835684,0.20363599,0.05,-3.3654716,704,0.8633831
14120.0,0.11207255,7060.0,0.9,0.12839337,0.20363006,0.05,-4.809176,705,0.86340094
14140.0,0.11205479,7070.0,0.6,0.12841935,0.20363145,0.0,-5.916425,706,0.8633993
14160.0,0.11204374,7080.0,0.9,0.12842725,0.20362534,0.05,-3.7745852,707,0.8634077
14180.0,0.11202709,7090.0,0.7,0.12844016,0.20362827,0.15,-4.478857,708,0.8634146
14200.0,0.112013124,7100.0,0.8,0.12844639,0.20362745,0.2,-4.4232926,709,0.86343646
14220.0,0.11200849,7110.0,0.8,0.12847261,0.203615,0.0,-3.7021396,710,0.8634505
14240.0,0.111994356,7120.0,0.8,0.12848268,0.20362389,0.1,-3.907843,711,0.86346847
14260.0,0.11198232,7130.0,0.7,0.12846787,0.2036222,0.05,-3.649201,712,0.8635028
14280.0,0.11197644,7140.0,1.0,0.12848778,0.20362993,0.05,-3.226127,713,0.8635232
14300.0,0.11201491,7150.0,0.7,0.12851596,0.20361358,0.05,-4.339534,714,0.86351913
14320.0,0.112024285,7160.0,0.9,0.12853119,0.20361944,0.0,-4.33075,715,0.8635011
14340.0,0.11203102,7170.0,0.7,0.12856637,0.20361292,0.05,-4.2850075,716,0.8635195
14360.0,0.112086475,7180.0,1.0,0.12858738,0.20361401,0.2,-3.54388,717,0.86354655
14380.0,0.11208717,7190.0,0.8,0.12859938,0.2036317,0.0,-4.0293064,718,0.8635667
14400.0,0.11208755,7200.0,1.0,0.12863225,0.20362522,0.1,-3.455729,719,0.8635712
14420.0,0.112080194,7210.0,0.8,0.1286275,0.20361485,0.15,-4.665359,720,0.8635796
14440.0,0.11207796,7220.0,0.8,0.1286561,0.20361191,0.05,-3.914357,721,0.8635892
14460.0,0.112059094,7230.0,0.8,0.12866963,0.20361042,0.1,-5.091487,722,0.8635941
14480.0,0.11208864,7240.0,0.8,0.12873997,0.20362501,0.05,-4.249217,723,0.8636213
14500.0,0.11207471,7250.0,0.9,0.12875164,0.20360912,0.2,-3.7057533,724,0.8636267
14520.0,0.11208564,7260.0,0.9,0.12876815,0.20361197,0.05,-4.115939,725,0.86362904
14540.0,0.11208197,7270.0,0.9,0.1287859,0.20361593,0.1,-3.6193337,726,0.8636294
14560.0,0.11208087,7280.0,0.7,0.12879081,0.20361772,0.05,-3.9156094,727,0.8636389
14580.0,0.112094104,7290.0,0.7,0.12880091,0.20360652,0.1,-6.269047,728,0.863663
14600.0,0.112082936,7300.0,0.8,0.12882435,0.2036113,0.15,-3.9181073,729,0.8636758
14620.0,0.11206418,7310.0,1.0,0.12880488,0.20362741,0.2,-3.8608022,730,0.8636987
14640.0,0.112078585,7320.0,0.9,0.12880705,0.2036119,0.1,-3.7615776,731,0.8637131
14660.0,0.11207819,7330.0,0.9,0.12881157,0.20363447,0.25,-3.5565147,732,0.86373925
14680.0,0.11206209,7340.0,0.8,0.12881882,0.20362473,0.1,-3.844731,733,0.8637517
14700.0,0.11207873,7350.0,0.9,0.12884621,0.2036194,0.15,-4.169013,734,0.863739
14720.0,0.112069726,7360.0,0.9,0.12887028,0.20362797,0.0,-3.5619836,735,0.86373997
14740.0,0.11206583,7370.0,0.8,0.1288678,0.20361806,0.15,-3.4425175,736,0.86375266
14760.0,0.11207447,7380.0,1.0,0.12888205,0.20363422,0.0,-3.603597,737,0.8637778
14780.0,0.11206024,7390.0,0.9,0.12891267,0.20363446,0.05,-3.34409,738,0.8637803
14800.0,0.11204978,7400.0,0.9,0.12891985,0.20363414,0.15,-3.1230822,739,0.8638127
14820.0,0.11202833,7410.0,0.9,0.12891445,0.20363905,0.05,-4.18113,740,0.8638304
14840.0,0.11207015,7420.0,0.7,0.12893665,0.20363517,0.1,-4.474261,741,0.86384344
14860.0,0.11208581,7430.0,0.9,0.12896428,0.20365,0.1,-3.4764438,742,0.8638398
14880.0,0.112077735,7440.0,0.9,0.12898847,0.20365244,0.1,-3.8814824,743,0.8638451
14900.0,0.11207402,7450.0,1.0,0.12900878,0.20365065,0.15,-3.375773,744,0.86383945
14920.0,0.112088,7460.0,0.9,0.12901698,0.20365204,0.2,-3.3391805,745,0.86386675
14940.0,0.11207221,7470.0,0.9,0.12902653,0.20365505,0.05,-3.6745663,746,0.8638778
14960.0,0.11206963,7480.0,1.0,0.12906522,0.20365646,0.15,-3.0115714,747,0.8638904
14980.0,0.11205509,7490.0,0.9,0.12905999,0.20366211,0.15,-3.6092827,748,0.8638928
15000.0,0.11203754,7500.0,1.0,0.12909114,0.20366041,0.05,-3.4812965,749,0.86390567
15020.0,0.112046994,7510.0,1.0,0.12911841,0.20366783,0.1,-4.2955365,750,0.8639045
15040.0,0.112052225,7520.0,1.0,0.12911591,0.20367208,0.15,-3.7831013,751,0.8639175
15060.0,0.11204293,7530.0,0.7,0.12913856,0.20366043,0.15,-4.008565,752,0.8639253
15080.0,0.112039305,7540.0,0.9,0.12914883,0.20365638,0.1,-3.1601672,753,0.8639512
15100.0,0.11205915,7550.0,0.8,0.12915997,0.20366655,0.1,-3.7496276,754,0.863993
15120.0,0.11210915,7560.0,1.0,0.12918292,0.20368016,0.1,-3.60401,755,0.86401755
15140.0,0.1120976,7570.0,0.8,0.1291878,0.20366807,0.0,-3.9360344,756,0.8640333
15160.0,0.112080134,7580.0,0.7,0.12921324,0.20368077,0.2,-3.9327781,757,0.86404485
15180.0,0.11209131,7590.0,0.9,0.1292244,0.20368406,0.25,-4.046216,758,0.8640639
15200.0,0.11207396,7600.0,0.9,0.1292338,0.2036818,0.05,-3.7586646,759,0.86405927
15220.0,0.112066716,7610.0,1.0,0.12924474,0.20366824,0.05,-3.5154445,760,0.8640604
15240.0,0.112052,7620.0,0.7,0.12926975,0.20367509,0.1,-4.377836,761,0.8640509
15260.0,0.112049066,7630.0,1.0,0.12931545,0.20366322,0.0,-3.5739536,762,0.8640539
15280.0,0.11207017,7640.0,0.9,0.12935126,0.20367445,0.05,-2.7816496,763,0.86407256
15300.0,0.11214522,7650.0,0.9,0.12937441,0.20368637,0.1,-3.6901245,764,0.8640964
15320.0,0.112176396,7660.0,0.7,0.12941743,0.20368792,0.05,-5.920314,765,0.86407715
15340.0,0.11218264,7670.0,0.7,0.12941985,0.2036787,0.1,-3.6934056,766,0.86410695
15360.0,0.1121592,7680.0,0.8,0.12943503,0.20366387,0.05,-3.893622,767,0.86409587
15380.0,0.11215941,7690.0,0.9,0.1294555,0.20367044,0.05,-3.2428756,768,0.8641267
15400.0,0.11217174,7700.0,0.9,0.1294837,0.20365587,0.1,-3.9887996,769,0.8641347
15420.0,0.11218172,7710.0,0.9,0.12950781,0.2036561,0.05,-4.6462483,770,0.8641427
15440.0,0.112162225,7720.0,0.8,0.12950097,0.20366569,0.1,-4.209075,771,0.8641545
15460.0,0.11215421,7730.0,0.9,0.12952787,0.20368141,0.05,-3.8818753,772,0.8641627
15480.0,0.11214509,7740.0,0.9,0.12954454,0.20368494,0.25,-3.7016559,773,0.8641779
15500.0,0.1121577,7750.0,1.0,0.12957717,0.2036917,0.05,-4.0981474,774,0.86418223
15520.0,0.112156846,7760.0,0.9,0.12959325,0.20370284,0.05,-3.834343,775,0.86418575
15540.0,0.11213543,7770.0,0.8,0.12960534,0.2037107,0.05,-4.3268614,776,0.8641867
15560.0,0.112163514,7780.0,0.8,0.12963177,0.2036893,0.05,-3.8979416,777,0.8641799
15580.0,0.1121704,7790.0,0.8,0.12965436,0.20369272,0.15,-3.8446853,778,0.8641915
15600.0,0.11216035,7800.0,0.7,0.12965973,0.20369326,0.1,-3.6622186,779,0.86419797
15620.0,0.11214423,7810.0,1.0,0.1296697,0.203692,0.1,-3.4895973,780,0.8641824
15640.0,0.11213804,7820.0,0.9,0.12968089,0.20368181,0.05,-3.4786549,781,0.86420345
15660.0,0.11212764,7830.0,0.8,0.12967515,0.20368297,0.0,-4.0315824,782,0.8642161
15680.0,0.11212302,7840.0,1.0,0.12969267,0.20367077,0.05,-3.803779,783,0.8642283
15700.0,0.11214206,7850.0,1.0,0.12969331,0.2036752,0.1,-3.8491058,784,0.86425424
15720.0,0.1121544,7860.0,0.6,0.1297331,0.20366126,0.0,-4.575736,785,0.8642644
15740.0,0.11215323,7870.0,0.9,0.12975019,0.20365635,0.05,-4.2229896,786,0.8642552
15760.0,0.11216682,7880.0,1.0,0.12978587,0.20366825,0.05,-3.4831338,787,0.8642442
15780.0,0.112154864,7890.0,0.8,0.12978783,0.20366807,0.0,-3.6672382,788,0.86425805
15800.0,0.11214592,7900.0,1.0,0.12980756,0.203684,0.1,-3.9504006,789,0.8642698
15820.0,0.11214954,7910.0,0.9,0.1298154,0.20367588,0.05,-3.452212,790,0.86428523
15840.0,0.112133384,7920.0,0.9,0.12982818,0.20368056,0.1,-3.4637322,791,0.864309
15860.0,0.1121308,7930.0,0.9,0.12983091,0.2037017,0.15,-4.148389,792,0.8643407
15880.0,0.11211411,7940.0,0.9,0.12983045,0.20370962,0.25,-4.003278,793,0.86435336
15900.0,0.11211544,7950.0,0.9,0.12983093,0.2037111,0.05,-3.0623918,794,0.86436266
15920.0,0.112100385,7960.0,0.8,0.1298545,0.20369603,0.1,-3.6710916,795,0.8643758
15940.0,0.11212906,7970.0,0.8,0.12987508,0.2036929,0.0,-4.336095,796,0.864388
15960.0,0.11211387,7980.0,0.8,0.12991054,0.20367746,0.1,-4.2781916,797,0.86441654
15980.0,0.11210229,7990.0,0.9,0.12989758,0.20369078,0.1,-3.252362,798,0.86444116
16000.0,0.11209377,8000.0,1.0,0.12990431,0.20369202,0.2,-4.123812,799,0.86445785
16020.0,0.11208487,8010.0,0.8,0.12991078,0.2036839,0.15,-4.723164,800,0.86445856
16040.0,0.112084754,8020.0,0.9,0.12991755,0.20368455,0.05,-4.1177707,801,0.86449957
16060.0,0.11208129,8030.0,0.9,0.12992524,0.20367692,0.05,-3.5137627,802,0.86449814
16080.0,0.11208803,8040.0,0.9,0.12993737,0.20366782,0.05,-5.215525,803,0.86451095
16100.0,0.112065196,8050.0,0.8,0.12994431,0.20365545,0.1,-4.736534,804,0.86452204
16120.0,0.11210165,8060.0,1.0,0.12995976,0.20365219,0.05,-4.148564,805,0.8645094
16140.0,0.112086914,8070.0,1.0,0.12996122,0.20365007,0.2,-3.6130562,806,0.8645389
16160.0,0.112081766,8080.0,0.9,0.12997,0.20365143,0.15,-4.9329166,807,0.86455387
16180.0,0.11207604,8090.0,1.0,0.12999454,0.20366064,0.0,-3.3956494,808,0.86455774
16200.0,0.11206009,8100.0,1.0,0.12999395,0.2036676,0.1,-3.116414,809,0.864574
16220.0,0.11204853,8110.0,1.0,0.12999469,0.20366439,0.15,-3.551909,810,0.86458117
16240.0,0.11207823,8120.0,1.0,0.130016,0.20364182,0.05,-3.3765163,811,0.8645919
16260.0,0.11208776,8130.0,1.0,0.13002911,0.20365109,0.0,-3.067856,812,0.86459565
16280.0,0.11206613,8140.0,0.8,0.1300175,0.20365806,0.15,-3.6553845,813,0.8646056
16300.0,0.1120526,8150.0,0.7,0.1300148,0.20366144,0.1,-4.7061486,814,0.8646095
16320.0,0.11204126,8160.0,0.9,0.1300293,0.20364766,0.0,-4.388403,815,0.86462337
16340.0,0.11204664,8170.0,1.0,0.13004917,0.20365202,0.05,-3.9612465,816,0.8646288
16360.0,0.11203661,8180.0,1.0,0.13005185,0.20365526,0.2,-4.088588,817,0.8646395
16380.0,0.112039536,8190.0,0.8,0.13006897,0.20365995,0.0,-5.239388,818,0.86465186
16400.0,0.11202905,8200.0,1.0,0.13007206,0.20366654,0.05,-3.4985294,819,0.86466104
16420.0,0.112032264,8210.0,0.8,0.13008213,0.20368004,0.15,-3.9225776,820,0.8646722
16440.0,0.112036675,8220.0,0.9,0.13007495,0.20368715,0.15,-2.9710183,821,0.8646819
16460.0,0.112045825,8230.0,1.0,0.13008812,0.20367737,0.15,-3.0994315,822,0.86469096
16480.0,0.11202422,8240.0,1.0,0.13009924,0.2036639,0.2,-3.7203221,823,0.8647111
16500.0,0.11202359,8250.0,0.9,0.13012339,0.20368057,0.05,-3.414289,824,0.86471134
16520.0,0.112009846,8260.0,0.8,0.13012497,0.20366724,0.15,-3.9679496,825,0.8647144
16540.0,0.11199802,8270.0,1.0,0.13013749,0.20366739,0.0,-3.2351582,826,0.8647205
16560.0,0.11197939,8280.0,0.8,0.13013886,0.20367736,0.1,-3.7111428,827,0.86471725
16580.0,0.1120084,8290.0,1.0,0.13015704,0.20368543,0.2,-3.1981354,828,0.86472654
16600.0,0.112005256,8300.0,0.9,0.1301829,0.20367165,0.05,-3.5634232,829,0.8647297
16620.0,0.11200849,8310.0,1.0,0.13018586,0.20367587,0.0,-2.6615715,830,0.86473113
16640.0,0.111991994,8320.0,1.0,0.13020293,0.203688,0.0,-3.035479,831,0.8647441
16660.0,0.11198609,8330.0,1.0,0.13020559,0.20367596,0.1,-3.734558,832,0.86475205
16680.0,0.111989714,8340.0,1.0,0.13020085,0.20368256,0.2,-3.8776786,833,0.86477
16700.0,0.11197325,8350.0,1.0,0.13020082,0.20369841,0.05,-3.1680691,834,0.86478144
16720.0,0.11196045,8360.0,0.8,0.13022432,0.2037071,0.15,-3.7659469,835,0.864799
16740.0,0.11195201,8370.0,0.9,0.1302132,0.20370074,0.1,-3.657679,836,0.86480457
16760.0,0.11194923,8380.0,0.9,0.1302106,0.20369178,0.1,-4.0799446,837,0.8648212
16780.0,0.11193585,8390.0,0.9,0.13021915,0.20369463,0.1,-3.7972436,838,0.8648398
16800.0,0.11192116,8400.0,1.0,0.13022162,0.20368813,0.1,-2.879298,839,0.8648433
16820.0,0.111905836,8410.0,1.0,0.13024414,0.20368806,0.1,-3.1395097,840,0.86484575
16840.0,0.11190643,8420.0,0.8,0.1302518,0.20369074,0.15,-3.7735107,841,0.8648582
16860.0,0.11189707,8430.0,0.9,0.13025764,0.20370924,0.25,-3.4580739,842,0.86487216
16880.0,0.11187756,8440.0,0.8,0.13027015,0.20370789,0.05,-4.1414433,843,0.8648703
16900.0,0.11190388,8450.0,0.7,0.13027878,0.2036998,0.25,-4.3554916,844,0.86489123
16920.0,0.11189064,8460.0,0.9,0.13026713,0.20370524,0.15,-3.3821144,845,0.86491823
16940.0,0.11187964,8470.0,0.8,0.13027747,0.2037023,0.1,-5.4924173,846,0.8649242
16960.0,0.11187726,8480.0,0.9,0.1303099,0.20370135,0.05,-4.6019874,847,0.8649232
16980.0,0.11186242,8490.0,1.0,0.13032033,0.20369372,0.1,-3.6007762,848,0.8649314
17000.0,0.11188861,8500.0,1.0,0.13032502,0.20369537,0.05,-3.6779275,849,0.8649585
17020.0,0.11188054,8510.0,1.0,0.13033848,0.20370564,0.15,-2.9089026,850,0.8649747
17040.0,0.111860536,8520.0,0.9,0.13032377,0.20371433,0.15,-3.37431,851,0.86500233
17060.0,0.11184458,8530.0,0.9,0.13033776,0.20371567,0.2,-3.3260639,852,0.8650103
17080.0,0.1118268,8540.0,1.0,0.13034794,0.20369746,0.05,-3.4477177,853,0.86499715
17100.0,0.11180977,8550.0,1.0,0.13035633,0.20370783,0.0,-4.0964823,854,0.8649929
17120.0,0.111827575,8560.0,1.0,0.13035089,0.2037081,0.1,-3.5486512,855,0.86502
17140.0,0.11183295,8570.0,1.0,0.13036151,0.20371151,0.2,-3.6685097,856,0.86502194
17160.0,0.11181744,8580.0,1.0,0.13036965,0.2037058,0.1,-4.0010195,857,0.865043
17180.0,0.11182755,8590.0,0.9,0.13037151,0.20369476,0.15,-5.3655453,858,0.8650494
17200.0,0.11182761,8600.0,1.0,0.13037205,0.20369577,0.0,-4.0786095,859,0.86507374
17220.0,0.1118179,8610.0,0.9,0.13038509,0.20370789,0.15,-3.2637749,860,0.8650801
17240.0,0.11185848,8620.0,1.0,0.13038872,0.20371251,0.15,-4.2202063,861,0.8651039
17260.0,0.111870624,8630.0,0.6,0.13039199,0.20371118,0.15,-4.355627,862,0.8651244
17280.0,0.11185694,8640.0,0.9,0.13038746,0.20371357,0.05,-4.038315,863,0.8651416
17300.0,0.11184754,8650.0,1.0,0.13036494,0.20371485,0.1,-3.7280834,864,0.8651579
17320.0,0.11183139,8660.0,0.9,0.13037138,0.20373118,0.05,-3.267508,865,0.8651664
17340.0,0.11181065,8670.0,1.0,0.13037084,0.20373584,0.15,-3.958119,866,0.86518
17360.0,0.11180514,8680.0,0.8,0.13038787,0.20373356,0.1,-4.1332498,867,0.8652075
17380.0,0.111791454,8690.0,1.0,0.13040105,0.20373066,0.0,-3.857675,868,0.86519974
17400.0,0.111770116,8700.0,0.8,0.13040471,0.20373142,0.15,-4.306651,869,0.8652093
17420.0,0.11175221,8710.0,1.0,0.13040824,0.20372425,0.25,-3.1548207,870,0.8652236
17440.0,0.11175082,8720.0,0.9,0.13042544,0.20372562,0.05,-4.153759,871,0.86522335
17460.0,0.11174063,8730.0,1.0,0.13041829,0.20373942,0.15,-3.362924,872,0.86523724
17480.0,0.11173233,8740.0,0.9,0.13043216,0.20373434,0.15,-3.5274563,873,0.8652446
17500.0,0.11174186,8750.0,0.9,0.1304338,0.20375086,0.1,-3.6124854,874,0.86526006
17520.0,0.1117366,8760.0,1.0,0.13043214,0.20375386,0.25,-3.467832,875,0.8652758
17540.0,0.11172056,8770.0,0.9,0.13045965,0.20374694,0.15,-4.2116385,876,0.8652804
17560.0,0.111711435,8780.0,0.8,0.13047265,0.20375574,0.1,-3.8786082,877,0.8652919
17580.0,0.11170193,8790.0,1.0,0.13049856,0.20375383,0.05,-2.9990454,878,0.8653016
17600.0,0.11170425,8800.0,1.0,0.13051777,0.20375368,0.05,-3.8763447,879,0.8653018
17620.0,0.11172179,8810.0,0.7,0.13054839,0.20374559,0.05,-4.338013,880,0.86531925
17640.0,0.11172082,8820.0,0.9,0.13054678,0.20374212,0.15,-3.117568,881,0.8653288
17660.0,0.11171333,8830.0,0.8,0.13054141,0.20373693,0.05,-3.9271176,882,0.8653384
17680.0,0.11171943,8840.0,0.8,0.13054515,0.20373231,0.0,-3.977106,883,0.86533904
17700.0,0.111735344,8850.0,0.7,0.13057125,0.20372863,0.1,-3.8674061,884,0.8653538
17720.0,0.111730814,8860.0,0.8,0.13058004,0.20373335,0.1,-3.3239174,885,0.86536545
17740.0,0.1117236,8870.0,1.0,0.13058129,0.20372452,0.2,-3.9854534,886,0.86537546
17760.0,0.11169896,8880.0,1.0,0.1305818,0.20371023,0.15,-3.0396981,887,0.8653813
17780.0,0.111702226,8890.0,0.7,0.13058662,0.20371675,0.25,-4.301837,888,0.8653929
17800.0,0.1117147,8900.0,1.0,0.13059334,0.20371832,0.15,-3.436191,889,0.8653968
17820.0,0.111709535,8910.0,0.9,0.1305966,0.2037177,0.05,-3.139076,890,0.8654158
17840.0,0.111714266,8920.0,1.0,0.13059501,0.20371465,0.05,-3.038428,891,0.8654377
17860.0,0.11172813,8930.0,0.8,0.13061656,0.20371416,0.05,-4.217027,892,0.86544734
17880.0,0.11173298,8940.0,1.0,0.13062586,0.20371981,0.05,-3.3706474,893,0.8654611
17900.0,0.11174909,8950.0,0.9,0.13063031,0.20371266,0.1,-3.5662389,894,0.8654669
17920.0,0.11174917,8960.0,1.0,0.13062878,0.20372331,0.1,-3.005134,895,0.8654745
17940.0,0.11173282,8970.0,1.0,0.13062917,0.20371681,0.1,-3.6719036,896,0.86548257
17960.0,0.11173556,8980.0,0.8,0.13064489,0.20373487,0.1,-6.3650894,897,0.86550766
17980.0,0.11173421,8990.0,1.0,0.13066585,0.20373778,0.1,-4.0137367,898,0.8655289
18000.0,0.111733176,9000.0,1.0,0.1306746,0.20374303,0.1,-3.1265988,899,0.86551565
18020.0,0.111721516,9010.0,1.0,0.1306758,0.20373963,0.0,-2.9157836,900,0.86553127
18040.0,0.11170977,9020.0,0.9,0.13068251,0.20374614,0.05,-4.0095453,901,0.8655505
18060.0,0.11170008,9030.0,1.0,0.13068691,0.20376885,0.1,-3.2193532,902,0.8655656
