train/episode,test/mean_Q,stats_g/std,epoch,stats_g/mean,stats_o/std,test/episode,stats_o/mean,test/success_rate,train/success_rate
20.0,-3.4888377,0.17510964,0,0.9009684,0.16774055,10.0,0.21879849,0.0,0.0
40.0,-7.181506,0.20781893,1,0.89634734,0.18817323,20.0,0.21611314,0.0,0.0
60.0,-9.446021,0.5770033,2,0.89719135,0.2582791,30.0,0.2171599,0.0,0.0
80.0,-12.406253,0.56370586,3,0.88721234,0.2575511,40.0,0.21529873,0.0,0.0
100.0,-12.257236,0.5644874,4,0.8902424,0.2635131,50.0,0.21611628,0.0,0.0
120.0,-14.914256,0.57832676,5,0.8844754,0.26997396,60.0,0.21577121,0.0,0.0
140.0,-16.549707,0.62335473,6,0.8820271,0.279556,70.0,0.21379526,0.0,0.0
160.0,-14.211771,0.6189105,7,0.8773344,0.2806762,80.0,0.21314964,0.0,0.0
180.0,-15.317822,0.59972566,8,0.87583846,0.2772437,90.0,0.2126444,0.0,0.0
200.0,-15.532831,0.60960066,9,0.87901336,0.2822659,100.0,0.21225518,0.0,0.0
220.0,-18.017958,0.6062086,10,0.877059,0.2841263,110.0,0.21181439,0.0,0.0
240.0,-21.312975,0.598306,11,0.86952275,0.2829197,120.0,0.20931011,0.0,0.0
260.0,-18.481028,0.67109996,12,0.85720134,0.30002704,130.0,0.20628819,0.0,0.0
280.0,-19.978542,0.6740742,13,0.865143,0.30059022,140.0,0.20747085,0.0,0.0
300.0,-20.721022,0.6610758,14,0.864219,0.29709163,150.0,0.20849977,0.0,0.0
320.0,-21.092632,0.65440583,15,0.8674267,0.29770574,160.0,0.2099482,0.0,0.0
340.0,-18.959652,0.64628863,16,0.8680947,0.2971501,170.0,0.2107225,0.0,0.0
360.0,-10.444345,0.63378865,17,0.86817604,0.29602128,180.0,0.209858,0.0,0.0
380.0,-8.005625,0.6514854,18,0.86520404,0.30287802,190.0,0.20837812,0.0,0.0
400.0,-11.723386,0.6409432,19,0.8659284,0.3015868,200.0,0.20787244,0.0,0.0
420.0,-16.348549,0.6332747,20,0.86677986,0.29972732,210.0,0.20910595,0.0,0.0
440.0,-15.037735,0.65838414,21,0.8703638,0.30551636,220.0,0.20909853,0.0,0.0
460.0,-14.644389,0.64761525,22,0.8700947,0.30253556,230.0,0.20960057,0.0,0.0
480.0,-16.45596,0.63745004,23,0.8695871,0.3004693,240.0,0.20876317,0.1,0.0
500.0,-20.132235,0.6315337,24,0.86762476,0.29837817,250.0,0.20899925,0.0,0.0
520.0,-20.755934,0.66518396,25,0.8759439,0.3063892,260.0,0.20979947,0.0,0.0
540.0,-20.157864,0.66095763,26,0.87635785,0.30605805,270.0,0.20972738,0.0,0.0
560.0,-19.646671,0.6656358,27,0.8744361,0.30832112,280.0,0.20980531,0.1,0.0
580.0,-21.395634,0.6585216,28,0.87595606,0.30719587,290.0,0.2100417,0.1,0.0
600.0,-21.735844,0.65473104,29,0.8729752,0.30637693,300.0,0.21081942,0.0,0.0
620.0,-17.35046,0.64698124,30,0.87222403,0.30448186,310.0,0.21077839,0.0,0.0
640.0,-17.28161,0.6396794,31,0.8720867,0.30303648,320.0,0.21066098,0.0,0.0
660.0,-18.409994,0.63291186,32,0.873461,0.30110604,330.0,0.21025008,0.0,0.0
680.0,-17.44381,0.6268543,33,0.8732571,0.29963738,340.0,0.20966762,0.0,0.0
700.0,-22.42758,0.61980385,34,0.8736992,0.29757863,350.0,0.2102213,0.0,0.0
720.0,-18.768093,0.61368746,35,0.8738485,0.29603976,360.0,0.2102553,0.0,0.0
740.0,-21.032574,0.60990804,36,0.87450665,0.29542252,370.0,0.21028851,0.0,0.0
760.0,-17.44244,0.60410124,37,0.87446404,0.29456687,380.0,0.21055898,0.0,0.0
780.0,-14.629474,0.61193377,38,0.8774888,0.29581773,390.0,0.211255,0.1,0.0
800.0,-14.38342,0.6068588,39,0.87718153,0.2949196,400.0,0.21018146,0.0,0.0
820.0,-17.987461,0.60712963,40,0.87451667,0.2955972,410.0,0.20912176,0.0,0.0
840.0,-17.98523,0.70603496,41,0.8853378,0.3134519,420.0,0.21123128,0.0,0.0
860.0,-20.936405,0.70195985,42,0.88514346,0.31216222,430.0,0.21077083,0.0,0.0
880.0,-18.185593,0.7090058,43,0.8841484,0.31435782,440.0,0.21074703,0.0,0.0
900.0,-16.027369,0.71032494,44,0.88400346,0.31522897,450.0,0.21078487,0.1,0.0
920.0,-21.731485,0.7038572,45,0.8833337,0.31407273,460.0,0.21076708,0.0,0.0
940.0,-18.818344,0.6978956,46,0.88267875,0.3132558,470.0,0.21017976,0.0,0.0
960.0,-15.545481,0.69260186,47,0.88263065,0.31208226,480.0,0.2099316,0.0,0.0
980.0,-17.381466,0.68678933,48,0.8820153,0.3110291,490.0,0.20976618,0.0,0.0
1000.0,-18.398874,0.6812947,49,0.88212293,0.31043702,500.0,0.2096053,0.0,0.0
1020.0,-15.2870455,0.6913261,50,0.8844871,0.31262952,510.0,0.21003841,0.0,0.0
1040.0,-21.211164,0.6889408,51,0.8860627,0.31282082,520.0,0.21003494,0.0,0.0
1060.0,-17.618954,0.68436265,52,0.88642627,0.31252503,530.0,0.20959982,0.0,0.0
1080.0,-13.629171,0.68090224,53,0.8864303,0.31262064,540.0,0.20944153,0.0,0.0
1100.0,-13.882795,0.6790579,54,0.8857026,0.31297392,550.0,0.20873015,0.0,0.0
1120.0,-17.136267,0.68181103,55,0.88437706,0.31375104,560.0,0.20877439,0.0,0.0
1140.0,-13.794855,0.6875796,56,0.8843418,0.315955,570.0,0.2089136,0.0,0.0
1160.0,-17.881115,0.6952522,57,0.883672,0.31868878,580.0,0.20903657,0.0,0.0
1180.0,-19.141027,0.690898,58,0.8828516,0.31755832,590.0,0.2084946,0.0,0.0
1200.0,-20.56312,0.68835634,59,0.8823941,0.31695902,600.0,0.20832145,0.1,0.0
1220.0,-16.113316,0.6903713,60,0.88208365,0.31765088,610.0,0.20809267,0.0,0.0
1240.0,-18.086843,0.69058865,61,0.8827173,0.317836,620.0,0.20783198,0.0,0.0
1260.0,-15.785955,0.6927087,62,0.8808853,0.3183743,630.0,0.20740741,0.0,0.0
1280.0,-15.770932,0.692375,63,0.88221186,0.31852466,640.0,0.20762913,0.1,0.0
1300.0,-20.846668,0.68815964,64,0.88250065,0.3174785,650.0,0.20758434,0.1,0.0
1320.0,-17.723686,0.6854558,65,0.88335466,0.31676656,660.0,0.20777014,0.0,0.0
1340.0,-16.491327,0.6813294,66,0.8833932,0.31606966,670.0,0.2076954,0.0,0.0
1360.0,-20.877798,0.6772805,67,0.88351583,0.31508097,680.0,0.20771816,0.0,0.0
1380.0,-18.237402,0.6745494,68,0.884093,0.3148744,690.0,0.20781039,0.0,0.0
1400.0,-12.64753,0.67139465,69,0.8842049,0.3145257,700.0,0.20782253,0.1,0.0
1420.0,-16.75224,0.66812754,70,0.8837977,0.31389502,710.0,0.20742443,0.0,0.0
1440.0,-16.174389,0.66484946,71,0.88386136,0.31320047,720.0,0.20733227,0.0,0.0
1460.0,-19.107761,0.6610189,72,0.8839645,0.31224978,730.0,0.2070978,0.0,0.0
1480.0,-19.836557,0.6592257,73,0.88471913,0.31194255,740.0,0.207199,0.0,0.0
1500.0,-17.541971,0.6559244,74,0.88498354,0.31140473,750.0,0.20729326,0.0,0.0
1520.0,-18.778633,0.65441966,75,0.8840342,0.311277,760.0,0.20706199,0.0,0.0
1540.0,-18.083508,0.65082014,76,0.8840297,0.31040597,770.0,0.20696728,0.0,0.0
1560.0,-13.18407,0.64766616,77,0.88377076,0.30975923,780.0,0.20666681,0.0,0.0
1580.0,-16.495558,0.645718,78,0.883344,0.30939966,790.0,0.20678078,0.0,0.0
1600.0,-20.003775,0.64566976,79,0.88348776,0.309315,800.0,0.2069068,0.0,0.0
1620.0,-15.799746,0.6467902,80,0.88360053,0.30988133,810.0,0.20681496,0.0,0.0
1640.0,-19.106892,0.64591676,81,0.8844659,0.30956864,820.0,0.20718819,0.0,0.0
1660.0,-21.889582,0.6589554,82,0.88168925,0.31179288,830.0,0.2068556,0.0,0.0
1680.0,-23.72374,0.6577671,83,0.8822891,0.31159145,840.0,0.20709418,0.0,0.0
1700.0,-19.075317,0.6572163,84,0.88284105,0.3112794,850.0,0.20707534,0.0,0.0
1720.0,-16.277317,0.663536,85,0.8817261,0.3125456,860.0,0.20662381,0.0,0.0
1740.0,-20.977169,0.6615129,86,0.881669,0.3122393,870.0,0.20641436,0.0,0.0
1760.0,-17.36649,0.6592047,87,0.8816442,0.31194037,880.0,0.20654611,0.0,0.0
1780.0,-15.144646,0.65749055,88,0.88139105,0.31149182,890.0,0.20651843,0.0,0.0
1800.0,-19.194302,0.6550304,89,0.88082117,0.3108183,900.0,0.20641892,0.0,0.0
1820.0,-18.86978,0.65198606,90,0.88080794,0.31029212,910.0,0.20641199,0.0,0.0
1840.0,-16.065355,0.6497152,91,0.88060886,0.31004116,920.0,0.20644075,0.0,0.0
1860.0,-23.287155,0.64681274,92,0.88066053,0.30953342,930.0,0.20659631,0.0,0.0
1880.0,-21.162727,0.644092,93,0.88071567,0.3091194,940.0,0.20648186,0.0,0.0
1900.0,-19.34426,0.64556295,94,0.8799355,0.3098311,950.0,0.20637266,0.0,0.0
1920.0,-21.847855,0.6479984,95,0.8790601,0.31040964,960.0,0.20625375,0.0,0.0
1940.0,-18.851068,0.64853907,96,0.87857676,0.31061488,970.0,0.20636599,0.1,0.0
1960.0,-21.617218,0.6458993,97,0.8782945,0.3101809,980.0,0.2060474,0.0,0.0
1980.0,-18.22713,0.64422077,98,0.8782439,0.31021708,990.0,0.20581482,0.0,0.0
2000.0,-18.770834,0.6534434,99,0.8807559,0.3124286,1000.0,0.20643792,0.0,0.0
2020.0,-26.710043,0.65404487,100,0.8806534,0.31258684,1010.0,0.20616007,0.0,0.0
2040.0,-22.30774,0.6517041,101,0.8808362,0.31223586,1020.0,0.20621248,0.0,0.0
2060.0,-19.118986,0.66697735,102,0.8799312,0.3154528,1030.0,0.20608036,0.0,0.0
2080.0,-20.651598,0.66494,103,0.88016963,0.31523144,1040.0,0.20600228,0.0,0.0
2100.0,-15.408089,0.66981745,104,0.8798191,0.3162719,1050.0,0.2060205,0.0,0.0
2120.0,-18.117592,0.66789913,105,0.8792687,0.31584775,1060.0,0.2058386,0.0,0.0
2140.0,-14.458,0.66595525,106,0.8792239,0.3153273,1070.0,0.20584589,0.0,0.0
2160.0,-14.949446,0.6636833,107,0.87871766,0.3152498,1080.0,0.20570543,0.0,0.0
2180.0,-19.673944,0.66211534,108,0.8788217,0.31493795,1090.0,0.20562936,0.0,0.0
2200.0,-18.358315,0.6673438,109,0.88018864,0.31638783,1100.0,0.20592707,0.0,0.0
2220.0,-13.824719,0.6744656,110,0.88198775,0.31768388,1110.0,0.20625244,0.0,0.0
2240.0,-13.515964,0.67234206,111,0.88226134,0.31721437,1120.0,0.20636518,0.0,0.0
2260.0,-21.084738,0.6699564,112,0.8822885,0.31669503,1130.0,0.20651709,0.0,0.0
2280.0,-12.403051,0.6695163,113,0.8821685,0.316611,1140.0,0.2064984,0.0,0.0
2300.0,-16.664652,0.66767484,114,0.88212514,0.3160986,1150.0,0.20672408,0.0,0.0
2320.0,-13.100271,0.665204,115,0.88217145,0.3153788,1160.0,0.20689139,0.0,0.0
2340.0,-13.3335085,0.6646033,116,0.8810413,0.31540293,1170.0,0.20676829,0.0,0.0
2360.0,-14.867241,0.66415715,117,0.8811536,0.31548828,1180.0,0.20690684,0.0,0.0
2380.0,-10.882475,0.6618113,118,0.8808045,0.3150612,1190.0,0.20677865,0.0,0.0
2400.0,-11.765179,0.66028774,119,0.8810063,0.31492263,1200.0,0.20676826,0.0,0.0
2420.0,-10.660287,0.6619403,120,0.87949854,0.315448,1210.0,0.20650549,0.0,0.0
2440.0,-13.850172,0.6683106,121,0.8815108,0.31625044,1220.0,0.20701891,0.0,0.0
2460.0,-10.142892,0.66687965,122,0.8815446,0.31566718,1230.0,0.2071213,0.0,0.0
2480.0,-12.201985,0.6643878,123,0.88158494,0.31502572,1240.0,0.20698266,0.0,0.0
2500.0,-12.652657,0.6623296,124,0.881768,0.31461266,1250.0,0.20705351,0.0,0.0
2520.0,-13.563947,0.66050667,125,0.88203174,0.3141582,1260.0,0.2072521,0.0,0.0
2540.0,-15.657633,0.6586988,126,0.8824249,0.31358117,1270.0,0.20717013,0.0,0.0
2560.0,-13.655508,0.6676583,127,0.8829386,0.31522727,1280.0,0.20737302,0.0,0.0
2580.0,-14.810277,0.6728544,128,0.88392836,0.31634548,1290.0,0.20768212,0.0,0.0
2600.0,-16.99052,0.67070466,129,0.8841453,0.31572503,1300.0,0.20792472,0.0,0.0
2620.0,-17.946136,0.66881186,130,0.8838518,0.31528744,1310.0,0.20803933,0.0,0.0
2640.0,-12.709874,0.66837645,131,0.8840685,0.31505463,1320.0,0.20816928,0.0,0.0
2660.0,-18.898678,0.66625756,132,0.8839869,0.3146008,1330.0,0.20799147,0.0,0.0
2680.0,-19.008848,0.6649471,133,0.883862,0.3143404,1340.0,0.20790592,0.0,0.0
2700.0,-17.505486,0.6628954,134,0.8837445,0.31400657,1350.0,0.20775053,0.0,0.0
2720.0,-14.186231,0.66102594,135,0.8833051,0.31372455,1360.0,0.20758234,0.0,0.0
2740.0,-11.394604,0.67000896,136,0.88290375,0.31536883,1370.0,0.20751919,0.0,0.0
2760.0,-14.051918,0.6713827,137,0.88390493,0.31580055,1380.0,0.20776856,0.0,0.0
2780.0,-14.86817,0.6692193,138,0.8838356,0.31531954,1390.0,0.20772661,0.0,0.0
2800.0,-19.227669,0.6674157,139,0.88384503,0.3150056,1400.0,0.20775223,0.0,0.0
2820.0,-13.7478485,0.66748387,140,0.88311785,0.315,1410.0,0.20765756,0.0,0.0
2840.0,-14.478076,0.666181,141,0.88261104,0.31469208,1420.0,0.20773563,0.0,0.0
2860.0,-19.422796,0.67163515,142,0.8827432,0.31510115,1430.0,0.20762818,0.0,0.0
2880.0,-16.915615,0.66999286,143,0.8825235,0.3147723,1440.0,0.2077136,0.0,0.0
2900.0,-13.423515,0.66826695,144,0.88219386,0.314432,1450.0,0.20747913,0.0,0.0
2920.0,-12.712481,0.6673057,145,0.88165456,0.31432182,1460.0,0.20735091,0.0,0.0
2940.0,-14.286052,0.6736947,146,0.8831137,0.31609377,1470.0,0.20745842,0.0,0.0
2960.0,-18.993547,0.67175645,147,0.8831367,0.31561905,1480.0,0.20739019,0.0,0.0
2980.0,-17.434397,0.6714654,148,0.88375527,0.31568468,1490.0,0.2074241,0.0,0.0
3000.0,-14.219934,0.6697363,149,0.88354284,0.31531307,1500.0,0.20752831,0.0,0.0
3020.0,-15.712178,0.6689322,150,0.8838415,0.31513232,1510.0,0.20765647,0.0,0.0
3040.0,-17.643167,0.66718125,151,0.88384527,0.3146983,1520.0,0.20763886,0.0,0.0
3060.0,-15.688314,0.6663184,152,0.88394856,0.31448054,1530.0,0.2077794,0.0,0.0
3080.0,-18.23353,0.6649753,153,0.88409567,0.31422007,1540.0,0.2078394,0.0,0.0
3100.0,-13.782331,0.6634004,154,0.8841717,0.31381387,1550.0,0.20780782,0.0,0.0
3120.0,-15.110158,0.6631618,155,0.8842032,0.31390822,1560.0,0.20795272,0.0,0.0
3140.0,-18.07424,0.6627737,156,0.8835783,0.3139554,1570.0,0.20795067,0.0,0.0
3160.0,-18.02413,0.6635789,157,0.88414717,0.31397638,1580.0,0.20803288,0.0,0.0
3180.0,-18.99612,0.66878146,158,0.8852326,0.31471908,1590.0,0.20822239,0.0,0.0
3200.0,-16.58516,0.66748023,159,0.88475126,0.31440663,1600.0,0.20817232,0.0,0.0
3220.0,-19.20905,0.66570663,160,0.8845045,0.3140681,1610.0,0.20803283,0.1,0.0
3240.0,-18.135258,0.66537905,161,0.88468665,0.31414595,1620.0,0.20805588,0.0,0.0
3260.0,-18.557526,0.6659797,162,0.8850899,0.31420574,1630.0,0.2080862,0.2,0.0
3280.0,-21.387398,0.6651998,163,0.8847664,0.31429267,1640.0,0.20802993,0.0,0.0
3300.0,-16.908466,0.66694784,164,0.8855083,0.31457624,1650.0,0.20824045,0.0,0.0
3320.0,-18.54727,0.6655263,165,0.8850997,0.3142576,1660.0,0.20819774,0.0,0.0
3340.0,-18.346308,0.6697824,166,0.8848634,0.31511056,1670.0,0.2082739,0.0,0.0
3360.0,-17.770645,0.66802555,167,0.88483316,0.31476858,1680.0,0.20827313,0.0,0.0
3380.0,-15.18811,0.66625077,168,0.88465863,0.31452107,1690.0,0.20825857,0.0,0.0
3400.0,-13.49747,0.66507643,169,0.88438034,0.31426984,1700.0,0.20807098,0.0,0.0
3420.0,-16.500631,0.663868,170,0.88439345,0.31416404,1710.0,0.20810959,0.0,0.0
3440.0,-11.949324,0.6622199,171,0.8844057,0.31377673,1720.0,0.20803066,0.0,0.0
3460.0,-14.492975,0.66075236,172,0.88445854,0.31340635,1730.0,0.2080659,0.0,0.0
3480.0,-14.832926,0.6750751,173,0.884192,0.31604853,1740.0,0.20808382,0.0,0.0
3500.0,-17.175365,0.6813681,174,0.8852388,0.31716716,1750.0,0.20834775,0.0,0.0
3520.0,-19.747257,0.6797023,175,0.88528126,0.31680873,1760.0,0.20839942,0.0,0.0
3540.0,-12.042077,0.67799693,176,0.8851592,0.3163284,1770.0,0.20829609,0.0,0.0
3560.0,-14.462506,0.679245,177,0.88567704,0.31643504,1780.0,0.20833112,0.0,0.0
3580.0,-18.545444,0.67764264,178,0.88558203,0.31604362,1790.0,0.20835112,0.0,0.0
3600.0,-18.469505,0.6761756,179,0.8857267,0.3157094,1800.0,0.20838381,0.0,0.0
3620.0,-19.378391,0.6767366,180,0.8860288,0.3156984,1810.0,0.2083681,0.0,0.0
3640.0,-19.099277,0.6802051,181,0.8871309,0.31625047,1820.0,0.20853354,0.0,0.0
3660.0,-18.148083,0.6804374,182,0.8860426,0.31613258,1830.0,0.20845705,0.0,0.0
3680.0,-19.601383,0.6794111,183,0.885971,0.31589478,1840.0,0.20848969,0.0,0.0
3700.0,-18.825703,0.67823577,184,0.88591486,0.31563005,1850.0,0.2083894,0.0,0.0
3720.0,-16.275074,0.6768729,185,0.885612,0.31537285,1860.0,0.20848927,0.0,0.0
3740.0,-17.554188,0.6774073,186,0.8854389,0.31550694,1870.0,0.20848235,0.0,0.0
3760.0,-17.10761,0.67600626,187,0.8852448,0.3153068,1880.0,0.20838219,0.0,0.0
3780.0,-25.53661,0.67456603,188,0.88513255,0.31496343,1890.0,0.20834702,0.0,0.0
3800.0,-21.315092,0.6729719,189,0.8850648,0.31457606,1900.0,0.20834145,0.0,0.0
3820.0,-16.214748,0.67238754,190,0.88503957,0.31441343,1910.0,0.20830034,0.0,0.0
3840.0,-15.336461,0.671087,191,0.8851903,0.31402028,1920.0,0.20839624,0.0,0.0
3860.0,-18.44606,0.669607,192,0.8851835,0.31369695,1930.0,0.20843382,0.0,0.0
3880.0,-16.976381,0.66974926,193,0.8850577,0.31364325,1940.0,0.20843177,0.0,0.0
3900.0,-16.055424,0.669606,194,0.8853417,0.31368396,1950.0,0.20845816,0.0,0.0
3920.0,-16.378925,0.6703177,195,0.8860779,0.31369126,1960.0,0.20860255,0.0,0.0
3940.0,-17.227715,0.6691279,196,0.88608605,0.31352606,1970.0,0.20861301,0.0,0.0
3960.0,-23.257473,0.66801804,197,0.88622046,0.3132742,1980.0,0.20863926,0.0,0.0
3980.0,-17.392132,0.66690826,198,0.88588554,0.3131177,1990.0,0.2085425,0.0,0.0
4000.0,-21.245392,0.66538733,199,0.8857897,0.3127805,2000.0,0.2084018,0.0,0.0
4020.0,-20.84556,0.66396135,200,0.885792,0.3124338,2010.0,0.20833832,0.0,0.0
4040.0,-24.136154,0.664538,201,0.8855212,0.3126279,2020.0,0.20823376,0.0,0.0
4060.0,-21.73586,0.66315615,202,0.88532656,0.3122702,2030.0,0.2081594,0.0,0.0
4080.0,-23.228039,0.66171473,203,0.8853081,0.3118932,2040.0,0.20802346,0.0,0.0
4100.0,-20.310282,0.6609642,204,0.8849778,0.31174847,2050.0,0.2078889,0.0,0.0
4120.0,-21.27537,0.6605511,205,0.8847337,0.31171417,2060.0,0.20785317,0.0,0.0
4140.0,-19.90094,0.65911454,206,0.8845661,0.31137893,2070.0,0.20766342,0.0,0.0
4160.0,-24.64606,0.65799826,207,0.88443404,0.31114998,2080.0,0.20775105,0.0,0.0
4180.0,-20.186869,0.6568969,208,0.8840515,0.31105453,2090.0,0.20769547,0.0,0.0
4200.0,-21.07239,0.65582734,209,0.8838105,0.3108614,2100.0,0.20781231,0.0,0.0
4220.0,-16.502674,0.6544645,210,0.8838284,0.31056616,2110.0,0.20786734,0.1,0.0
4240.0,-21.533323,0.65310127,211,0.8837169,0.3101127,2120.0,0.2078542,0.0,0.0
4260.0,-23.714764,0.65179676,212,0.8837239,0.30982062,2130.0,0.20782293,0.0,0.0
4280.0,-24.410038,0.6515208,213,0.88375026,0.30977434,2140.0,0.20784512,0.0,0.0
4300.0,-24.240015,0.6502518,214,0.8836207,0.3094834,2150.0,0.20778395,0.0,0.0
4320.0,-21.62847,0.65128,215,0.8831584,0.30969918,2160.0,0.20763004,0.0,0.0
4340.0,-23.639652,0.6504654,216,0.88344175,0.30956167,2170.0,0.20767961,0.0,0.0
4360.0,-25.912472,0.64933896,217,0.883286,0.30926657,2180.0,0.20766726,0.0,0.0
4380.0,-28.830704,0.64799464,218,0.8832607,0.30896086,2190.0,0.20766646,0.0,0.0
4400.0,-17.870632,0.647147,219,0.8834868,0.3087243,2200.0,0.207651,0.0,0.0
4420.0,-19.680275,0.64601547,220,0.8834699,0.3083978,2210.0,0.20766583,0.0,0.0
4440.0,-23.366192,0.64680344,221,0.88343936,0.30852097,2220.0,0.20763849,0.0,0.0
4460.0,-22.724377,0.64606917,222,0.8837476,0.308291,2230.0,0.2077257,0.0,0.0
4480.0,-21.754217,0.64503545,223,0.8834904,0.3080363,2240.0,0.20774543,0.0,0.0
4500.0,-25.980047,0.6456588,224,0.8826012,0.30826694,2250.0,0.2076468,0.0,0.0
4520.0,-26.086155,0.64458925,225,0.8825097,0.30807975,2260.0,0.2076911,0.0,0.0
4540.0,-20.62045,0.6433336,226,0.88240033,0.30784345,2270.0,0.20767634,0.0,0.0
4560.0,-16.950356,0.64208513,227,0.8824218,0.30760056,2280.0,0.20780678,0.0,0.0
4580.0,-21.835306,0.64081305,228,0.8823492,0.30734482,2290.0,0.20770258,0.0,0.0
4600.0,-18.349522,0.6398142,229,0.88209766,0.30720302,2300.0,0.2075762,0.0,0.0
4620.0,-19.967045,0.6389342,230,0.88176614,0.30708513,2310.0,0.20745136,0.0,0.0
4640.0,-16.449516,0.63824874,231,0.88192296,0.30688423,2320.0,0.20744431,0.0,0.0
4660.0,-20.018824,0.6480085,232,0.881589,0.30879283,2330.0,0.20734093,0.0,0.0
4680.0,-22.32283,0.6467088,233,0.881607,0.30840892,2340.0,0.2073704,0.0,0.0
4700.0,-21.805357,0.6455865,234,0.88163495,0.3080634,2350.0,0.20740612,0.0,0.0
4720.0,-24.700329,0.6446407,235,0.8818569,0.3077379,2360.0,0.20752567,0.0,0.0
4740.0,-22.912773,0.6437021,236,0.88205796,0.30744427,2370.0,0.20753713,0.0,0.0
4760.0,-24.743513,0.6454378,237,0.88231725,0.3079399,2380.0,0.2076354,0.0,0.0
4780.0,-22.504515,0.644878,238,0.8819038,0.30784056,2390.0,0.20766754,0.0,0.0
4800.0,-20.076084,0.6444841,239,0.88171834,0.30780753,2400.0,0.20750844,0.0,0.0
4820.0,-20.864182,0.6433256,240,0.8817244,0.30749542,2410.0,0.20758758,0.0,0.0
4840.0,-18.14598,0.64210874,241,0.88170147,0.3071599,2420.0,0.20757319,0.0,0.0
4860.0,-16.254528,0.6409038,242,0.8816839,0.30680454,2430.0,0.20755556,0.0,0.0
4880.0,-20.312212,0.63971776,243,0.88159734,0.30648202,2440.0,0.20755476,0.0,0.0
4900.0,-18.436804,0.6387836,244,0.8816185,0.3062723,2450.0,0.20756628,0.0,0.0
4920.0,-17.921028,0.6376156,245,0.88164157,0.305908,2460.0,0.20752214,0.0,0.0
4940.0,-16.63611,0.63656205,246,0.8817172,0.30565804,2470.0,0.20757984,0.0,0.0
4960.0,-19.810223,0.6354244,247,0.88174295,0.30532977,2480.0,0.20751762,0.0,0.0
4980.0,-21.449335,0.6345642,248,0.88181424,0.30522847,2490.0,0.20743996,0.0,0.0
5000.0,-22.077765,0.63348734,249,0.8819177,0.30487788,2500.0,0.20747323,0.0,0.0
5020.0,-18.899256,0.6326174,250,0.8819442,0.30475795,2510.0,0.20741926,0.0,0.0
5040.0,-17.515774,0.6316506,251,0.8818238,0.30459794,2520.0,0.20719332,0.1,0.0
5060.0,-20.68438,0.6306161,252,0.8817064,0.30427086,2530.0,0.2071204,0.0,0.0
5080.0,-21.79358,0.6297007,253,0.88157225,0.30401272,2540.0,0.20710064,0.0,0.0
5100.0,-17.664082,0.628723,254,0.88150626,0.30382246,2550.0,0.20707664,0.0,0.0
5120.0,-19.712824,0.62756324,255,0.8814938,0.30348912,2560.0,0.20700653,0.0,0.0
5140.0,-24.432285,0.62708896,256,0.8815284,0.30332658,2570.0,0.20697221,0.0,0.0
5160.0,-20.66843,0.62595737,257,0.8815566,0.30297166,2580.0,0.2069969,0.0,0.0
5180.0,-18.968365,0.62488586,258,0.8815921,0.3026462,2590.0,0.20707521,0.0,0.0
5200.0,-25.389486,0.623907,259,0.88170123,0.30237925,2600.0,0.20718193,0.0,0.0
5220.0,-20.776743,0.62367,260,0.8813896,0.30228528,2610.0,0.20719956,0.0,0.0
5240.0,-26.3629,0.62266976,261,0.88141626,0.30198917,2620.0,0.20705238,0.0,0.0
5260.0,-24.759789,0.6221359,262,0.88146734,0.30189714,2630.0,0.20708036,0.0,0.0
5280.0,-22.278437,0.6210658,263,0.8813899,0.301608,2640.0,0.20704472,0.0,0.0
5300.0,-25.262669,0.62174743,264,0.88149637,0.3016517,2650.0,0.20715927,0.0,0.0
5320.0,-24.04119,0.62074095,265,0.8814656,0.30140936,2660.0,0.20720865,0.0,0.0
5340.0,-20.540953,0.61965686,266,0.8814542,0.3011001,2670.0,0.20710668,0.0,0.0
5360.0,-22.566551,0.6186201,267,0.8814106,0.3007865,2680.0,0.20708643,0.0,0.0
5380.0,-27.78833,0.61763054,268,0.88137484,0.300527,2690.0,0.20707542,0.0,0.0
5400.0,-28.179983,0.6168409,269,0.8814154,0.30037317,2700.0,0.20707987,0.0,0.0
5420.0,-21.721577,0.6157786,270,0.88139004,0.30011323,2710.0,0.20702404,0.0,0.0
5440.0,-25.74292,0.614723,271,0.8814257,0.2997744,2720.0,0.20691492,0.0,0.0
5460.0,-21.461016,0.6137958,272,0.88149387,0.29954538,2730.0,0.20694524,0.0,0.0
5480.0,-27.61528,0.6130526,273,0.8816688,0.29934907,2740.0,0.2069858,0.0,0.0
5500.0,-29.58263,0.61292243,274,0.88154316,0.29933628,2750.0,0.20681225,0.0,0.0
5520.0,-29.608303,0.61254054,275,0.881376,0.29922166,2760.0,0.2068222,0.0,0.0
5540.0,-26.476154,0.61154073,276,0.88133556,0.29899615,2770.0,0.20687021,0.0,0.0
5560.0,-25.556973,0.61055094,277,0.88136834,0.2987433,2780.0,0.20684938,0.0,0.0
5580.0,-24.844011,0.6100664,278,0.8814719,0.2986456,2790.0,0.20684296,0.0,0.0
5600.0,-26.195501,0.6092894,279,0.8812525,0.2984053,2800.0,0.20682085,0.0,0.0
5620.0,-23.141521,0.6085329,280,0.88124514,0.2982431,2810.0,0.20679472,0.0,0.0
5640.0,-28.626577,0.60774404,281,0.88109446,0.29811445,2820.0,0.20681298,0.0,0.0
5660.0,-15.764694,0.6069624,282,0.8811137,0.2979025,2830.0,0.20684175,0.1,0.0
5680.0,-17.336302,0.606045,283,0.8810007,0.29771402,2840.0,0.20682807,0.0,0.0
5700.0,-19.357594,0.60526496,284,0.8811,0.29753625,2850.0,0.20687385,0.0,0.0
5720.0,-23.44058,0.60448456,285,0.88118047,0.29739058,2860.0,0.20683365,0.0,0.0
5740.0,-26.056423,0.6038523,286,0.8811545,0.2972529,2870.0,0.2068174,0.0,0.0
5760.0,-20.887018,0.6029119,287,0.88114715,0.2969372,2880.0,0.20680918,0.0,0.0
5780.0,-27.522635,0.60203964,288,0.8811404,0.29667544,2890.0,0.20682119,0.0,0.0
5800.0,-21.437958,0.6011579,289,0.8811283,0.2964206,2900.0,0.20680198,0.0,0.0
5820.0,-24.207987,0.6001852,290,0.8811086,0.2961529,2910.0,0.20688371,0.0,0.0
5840.0,-22.854017,0.5992187,291,0.881146,0.29579407,2920.0,0.2068735,0.0,0.0
5860.0,-30.20281,0.5986757,292,0.88118714,0.2956005,2930.0,0.2068919,0.0,0.0
5880.0,-29.400959,0.59773403,293,0.88119984,0.29533473,2940.0,0.20689692,0.0,0.0
5900.0,-15.199031,0.5968482,294,0.88112456,0.29504126,2950.0,0.2069125,0.0,0.0
5920.0,-17.40031,0.5959464,295,0.88117427,0.29479465,2960.0,0.20685416,0.0,0.0
5940.0,-17.65592,0.59505254,296,0.8811416,0.29451412,2970.0,0.20685321,0.0,0.0
5960.0,-14.223658,0.5943223,297,0.88121945,0.29428422,2980.0,0.20678246,0.0,0.0
5980.0,-19.321507,0.5947005,298,0.88104564,0.29433054,2990.0,0.20673327,0.0,0.0
6000.0,-19.991766,0.5957285,299,0.8807032,0.29449555,3000.0,0.2067136,0.0,0.0
6020.0,-17.001095,0.5967957,300,0.880837,0.29468438,3010.0,0.20675147,0.0,0.0
6040.0,-15.129123,0.5970771,301,0.88065666,0.2946627,3020.0,0.2066874,0.0,0.0
6060.0,-29.037617,0.59615076,302,0.88069195,0.29437816,3030.0,0.2066654,0.0,0.0
6080.0,-20.288631,0.59531814,303,0.8806669,0.2941555,3040.0,0.20671207,0.0,0.0
6100.0,-20.6812,0.5950572,304,0.8808376,0.29405916,3050.0,0.20678069,0.0,0.0
6120.0,-15.214435,0.5942382,305,0.88068825,0.2938644,3060.0,0.20677592,0.0,0.0
6140.0,-24.005802,0.5936322,306,0.88060814,0.2938,3070.0,0.20681348,0.0,0.0
6160.0,-24.346638,0.5930794,307,0.8806777,0.2936047,3080.0,0.20681109,0.0,0.0
6180.0,-28.715565,0.59218866,308,0.88071305,0.29334298,3090.0,0.20682806,0.0,0.0
6200.0,-21.26044,0.5936659,309,0.8811677,0.2935996,3100.0,0.20699154,0.0,0.0
6220.0,-17.101614,0.5929313,310,0.8810926,0.29341877,3110.0,0.2068057,0.0,0.0
6240.0,-29.719547,0.5921615,311,0.8810761,0.29321265,3120.0,0.20671135,0.0,0.0
6260.0,-25.769094,0.59129053,312,0.88100797,0.292982,3130.0,0.20667957,0.0,0.0
6280.0,-25.882666,0.5906702,313,0.88121253,0.29282576,3140.0,0.20670278,0.0,0.0
6300.0,-16.783535,0.5898554,314,0.88128304,0.292528,3150.0,0.20670344,0.0,0.0
6320.0,-22.961601,0.5890057,315,0.8812724,0.29232547,3160.0,0.20674999,0.0,0.0
6340.0,-21.74964,0.58821994,316,0.88128966,0.29212674,3170.0,0.20677173,0.0,0.0
6360.0,-25.178513,0.5878389,317,0.8812688,0.29210111,3180.0,0.20672907,0.0,0.0
6380.0,-22.956852,0.5870295,318,0.8812483,0.29191417,3190.0,0.20675789,0.0,0.0
6400.0,-19.937437,0.5862644,319,0.88115615,0.29178947,3200.0,0.20668165,0.0,0.0
6420.0,-22.718847,0.58552575,320,0.88117194,0.29163477,3210.0,0.20674938,0.0,0.0
6440.0,-19.00919,0.5847187,321,0.8810912,0.2914324,3220.0,0.2067209,0.0,0.0
6460.0,-22.07719,0.583871,322,0.88115424,0.29123372,3230.0,0.20684755,0.0,0.0
6480.0,-20.190332,0.58542967,323,0.8811674,0.2915269,3240.0,0.2069269,0.0,0.0
6500.0,-19.982168,0.5845857,324,0.8811898,0.29123688,3250.0,0.20691307,0.0,0.0
6520.0,-21.321453,0.5842238,325,0.8812805,0.29114094,3260.0,0.20697494,0.0,0.0
6540.0,-19.550728,0.58387214,326,0.88119507,0.2909819,3270.0,0.2070076,0.0,0.0
6560.0,-22.534357,0.5840103,327,0.88152057,0.29099727,3280.0,0.20716411,0.0,0.0
6580.0,-23.791916,0.5833135,328,0.88147897,0.2907773,3290.0,0.20722708,0.0,0.0
6600.0,-23.275625,0.58266264,329,0.881448,0.29063454,3300.0,0.20723358,0.0,0.0
6620.0,-21.049213,0.58187294,330,0.8814903,0.2904019,3310.0,0.2072841,0.0,0.0
6640.0,-20.564884,0.5813063,331,0.8815126,0.2902206,3320.0,0.2072886,0.0,0.0
6660.0,-26.097116,0.5807461,332,0.88160473,0.29007357,3330.0,0.20726797,0.0,0.0
6680.0,-23.637985,0.57995266,333,0.8815822,0.28984183,3340.0,0.20729078,0.0,0.0
6700.0,-19.589308,0.57919246,334,0.8816188,0.2896411,3350.0,0.20735237,0.0,0.0
6720.0,-19.309317,0.57838494,335,0.88162726,0.28939885,3360.0,0.20731817,0.0,0.0
6740.0,-16.64992,0.57763726,336,0.881669,0.28920543,3370.0,0.20731874,0.0,0.0
6760.0,-15.671618,0.5768392,337,0.8816641,0.28897598,3380.0,0.20733704,0.0,0.0
6780.0,-7.1564093,0.57609683,338,0.8816824,0.28879416,3390.0,0.20727187,0.0,0.0
6800.0,-13.622877,0.57533973,339,0.88168687,0.28858864,3400.0,0.20728274,0.0,0.0
6820.0,-15.437944,0.574688,340,0.88162285,0.2884362,3410.0,0.20728916,0.0,0.0
6840.0,-11.554948,0.5747022,341,0.8813092,0.28839305,3420.0,0.2072438,0.0,0.0
6860.0,-11.22366,0.57405776,342,0.8811877,0.2882094,3430.0,0.20720476,0.0,0.0
6880.0,-21.484507,0.5733017,343,0.88115025,0.2879756,3440.0,0.20716675,0.0,0.0
6900.0,-17.321524,0.5725258,344,0.88118905,0.28777626,3450.0,0.20722276,0.0,0.0
6920.0,-19.607029,0.57242537,345,0.881416,0.2877352,3460.0,0.20722356,0.0,0.0
6940.0,-24.670023,0.57175046,346,0.88137597,0.28755733,3470.0,0.20728679,0.0,0.0
6960.0,-23.918402,0.57110375,347,0.88142484,0.2874184,3480.0,0.20736408,0.0,0.0
6980.0,-22.499598,0.5707463,348,0.88142544,0.28733137,3490.0,0.207413,0.0,0.0
7000.0,-21.018227,0.5700159,349,0.88138455,0.28719205,3500.0,0.20751876,0.0,0.0
7020.0,-23.2416,0.5692609,350,0.88137513,0.28701487,3510.0,0.20752347,0.0,0.0
7040.0,-21.814829,0.5702502,351,0.8816053,0.28729618,3520.0,0.20759167,0.0,0.0
7060.0,-24.538836,0.5695352,352,0.8815711,0.28708708,3530.0,0.20762901,0.0,0.0
7080.0,-20.626934,0.5688021,353,0.8815929,0.28689247,3540.0,0.20767105,0.0,0.0
7100.0,-13.771988,0.56816447,354,0.8814829,0.28680524,3550.0,0.20763814,0.0,0.0
7120.0,-20.20008,0.5679266,355,0.88150245,0.2867806,3560.0,0.20764427,0.0,0.0
7140.0,-17.676683,0.5672152,356,0.8814874,0.28665972,3570.0,0.20761277,0.0,0.0
7160.0,-12.46661,0.5666434,357,0.8814912,0.28652757,3580.0,0.20763083,0.0,0.0
7180.0,-13.972982,0.56605977,358,0.8815178,0.28638032,3590.0,0.20762151,0.0,0.0
7200.0,-15.988615,0.5653733,359,0.88142806,0.28617072,3600.0,0.2075691,0.0,0.0
7220.0,-21.050634,0.56468993,360,0.8813658,0.2859725,3610.0,0.20762604,0.0,0.0
7240.0,-20.430332,0.56408185,361,0.8814861,0.28575626,3620.0,0.20770508,0.0,0.0
7260.0,-21.177496,0.56336266,362,0.8815141,0.285512,3630.0,0.207717,0.0,0.0
7280.0,-26.09107,0.56325525,363,0.88155985,0.2854076,3640.0,0.20768909,0.0,0.0
7300.0,-28.371647,0.5628331,364,0.88150936,0.28530413,3650.0,0.20776537,0.0,0.0
7320.0,-24.860203,0.5623571,365,0.88166857,0.28516847,3660.0,0.2077726,0.0,0.0
7340.0,-20.661083,0.56163937,366,0.8816202,0.28498468,3670.0,0.20779952,0.0,0.0
7360.0,-21.760262,0.56114346,367,0.88169026,0.28479385,3680.0,0.20781907,0.0,0.0
7380.0,-21.680975,0.56064075,368,0.8817645,0.28465262,3690.0,0.20781025,0.0,0.0
7400.0,-24.941618,0.56048316,369,0.88152784,0.28460398,3700.0,0.20771597,0.0,0.0
7420.0,-23.189825,0.5599193,370,0.88159174,0.284427,3710.0,0.20775692,0.0,0.0
7440.0,-23.647598,0.5598375,371,0.8815604,0.28452054,3720.0,0.20778021,0.0,0.0
7460.0,-26.580591,0.55917144,372,0.88156056,0.28430483,3730.0,0.20773256,0.0,0.0
7480.0,-28.502018,0.5598209,373,0.8817169,0.28437805,3740.0,0.20780481,0.0,0.0
7500.0,-28.09753,0.5608444,374,0.8820713,0.2844885,3750.0,0.2078365,0.0,0.0
7520.0,-28.854092,0.5603166,375,0.8821123,0.28430644,3760.0,0.2078616,0.0,0.0
7540.0,-29.348888,0.5597573,376,0.88205737,0.2841298,3770.0,0.20784673,0.0,0.0
7560.0,-26.980576,0.55910295,377,0.8819912,0.28395548,3780.0,0.2078773,0.0,0.0
7580.0,-26.117895,0.55841494,378,0.88203305,0.28376353,3790.0,0.20784567,0.0,0.0
7600.0,-29.639008,0.5593612,379,0.8817417,0.2839701,3800.0,0.20784397,0.0,0.0
7620.0,-26.081121,0.5587465,380,0.8817549,0.28380555,3810.0,0.20785604,0.0,0.0
7640.0,-21.649868,0.5582153,381,0.8816225,0.2836584,3820.0,0.20780289,0.0,0.0
7660.0,-22.864365,0.5575969,382,0.8816864,0.28348717,3830.0,0.20785964,0.0,0.0
7680.0,-22.418081,0.5569225,383,0.88170767,0.28329355,3840.0,0.20795093,0.0,0.0
7700.0,-27.11033,0.55624396,384,0.8817179,0.2830765,3850.0,0.20790085,0.0,0.0
7720.0,-27.43259,0.55557424,385,0.8817379,0.28286844,3860.0,0.20794207,0.0,0.0
7740.0,-23.475674,0.55495316,386,0.881723,0.28274977,3870.0,0.20788705,0.0,0.0
7760.0,-27.800104,0.55434424,387,0.8817029,0.2826313,3880.0,0.2078352,0.0,0.0
7780.0,-25.56872,0.55368567,388,0.881691,0.28246394,3890.0,0.2079207,0.0,0.0
7800.0,-24.504679,0.55341065,389,0.8816998,0.28241774,3900.0,0.20793116,0.0,0.0
7820.0,-27.400415,0.5527505,390,0.88170385,0.28222606,3910.0,0.20794132,0.0,0.0
7840.0,-24.13798,0.5521398,391,0.88168985,0.28201303,3920.0,0.20796233,0.0,0.0
7860.0,-27.364655,0.5516182,392,0.8818281,0.28183976,3930.0,0.20802343,0.0,0.0
7880.0,-29.150625,0.5509705,393,0.88185245,0.28165567,3940.0,0.20803408,0.0,0.0
7900.0,-29.228107,0.55032533,394,0.8818254,0.28146824,3950.0,0.20803156,0.0,0.0
7920.0,-25.843395,0.5498443,395,0.88174254,0.28130877,3960.0,0.20793815,0.0,0.0
7940.0,-31.17381,0.54929817,396,0.88173527,0.281188,3970.0,0.20790863,0.0,0.0
7960.0,-25.13125,0.5486942,397,0.88174015,0.28100538,3980.0,0.20794998,0.0,0.0
7980.0,-25.766495,0.5480842,398,0.8817814,0.28081757,3990.0,0.20796497,0.0,0.0
8000.0,-21.598324,0.5474766,399,0.8818281,0.2806562,4000.0,0.20796846,0.0,0.0
8020.0,-25.356827,0.5470037,400,0.8818738,0.28052568,4010.0,0.20797458,0.0,0.0
8040.0,-24.593517,0.546388,401,0.8818491,0.28036752,4020.0,0.20796019,0.0,0.0
8060.0,-26.987894,0.5479086,402,0.8820297,0.28075442,4030.0,0.20803937,0.0,0.0
8080.0,-26.324286,0.5473023,403,0.88209647,0.28056085,4040.0,0.20807026,0.0,0.0
8100.0,-24.893877,0.546694,404,0.88207555,0.2803758,4050.0,0.20804209,0.0,0.0
8120.0,-27.582693,0.54605764,405,0.8821144,0.28016227,4060.0,0.20804258,0.0,0.0
8140.0,-14.071144,0.5460793,406,0.8820514,0.28018022,4070.0,0.20801039,0.0,0.0
8160.0,-7.7908554,0.5457413,407,0.8820979,0.2801239,4080.0,0.2080433,0.0,0.0
8180.0,-8.47171,0.5452198,408,0.88209575,0.28005847,4090.0,0.2080394,0.0,0.0
8200.0,-11.506815,0.5458433,409,0.8822773,0.28021467,4100.0,0.20806979,0.0,0.0
8220.0,-11.206682,0.5460672,410,0.8824441,0.28027105,4110.0,0.20811965,0.0,0.0
8240.0,-21.189854,0.54807866,411,0.88302755,0.28064007,4120.0,0.20820385,0.0,0.0
8260.0,-13.601614,0.5477211,412,0.88318866,0.2805287,4130.0,0.2082046,0.0,0.0
8280.0,-18.597637,0.5499282,413,0.882967,0.28096482,4140.0,0.20819093,0.0,0.0
8300.0,-20.310596,0.5504076,414,0.88325953,0.28104785,4150.0,0.20827131,0.0,0.0
8320.0,-21.9251,0.54980505,415,0.88326997,0.28089702,4160.0,0.20824923,0.0,0.0
8340.0,-17.314465,0.54921067,416,0.8832604,0.28076604,4170.0,0.20825766,0.0,0.0
8360.0,-19.891006,0.5490114,417,0.8832133,0.28072593,4180.0,0.20826799,0.0,0.0
8380.0,-21.71479,0.54840595,418,0.8832342,0.2805495,4190.0,0.20829687,0.0,0.0
8400.0,-23.891521,0.5477971,419,0.8832753,0.28034955,4200.0,0.20834242,0.0,0.0
8420.0,-24.182562,0.5472363,420,0.88323355,0.2801978,4210.0,0.208292,0.0,0.0
8440.0,-25.765247,0.5466777,421,0.8832887,0.2800341,4220.0,0.20831795,0.0,0.0
8460.0,-23.74504,0.54612154,422,0.8833451,0.27988663,4230.0,0.20834965,0.0,0.0
8480.0,-14.764086,0.5457818,423,0.88340235,0.27982968,4240.0,0.2083363,0.0,0.0
8500.0,-20.906542,0.5451886,424,0.88342506,0.27967846,4250.0,0.20840034,0.0,0.0
8520.0,-19.151009,0.54462594,425,0.8833944,0.27952775,4260.0,0.20843765,0.0,0.0
8540.0,-24.107426,0.544102,426,0.88342,0.27936965,4270.0,0.20847684,0.0,0.0
8560.0,-22.643505,0.5436872,427,0.88352925,0.2792282,4280.0,0.20841478,0.0,0.0
8580.0,-19.781843,0.5433486,428,0.88357186,0.27910423,4290.0,0.20835327,0.0,0.0
8600.0,-25.657497,0.5429676,429,0.8834408,0.2789759,4300.0,0.20838095,0.0,0.0
8620.0,-20.347158,0.54238325,430,0.8834304,0.27885503,4310.0,0.2083631,0.0,0.0
8640.0,-21.829664,0.5420167,431,0.88351804,0.27881095,4320.0,0.208333,0.0,0.0
8660.0,-30.353338,0.5417265,432,0.8835922,0.27874106,4330.0,0.20834221,0.0,0.0
8680.0,-20.046848,0.5413748,433,0.88350266,0.27866623,4340.0,0.20836012,0.0,0.0
8700.0,-22.075289,0.5408761,434,0.88347393,0.278509,4350.0,0.20840245,0.0,0.0
8720.0,-18.911074,0.5404995,435,0.8834601,0.27841774,4360.0,0.20843634,0.0,0.0
8740.0,-22.597956,0.5406017,436,0.8835878,0.27845713,4370.0,0.20851399,0.0,0.0
8760.0,-18.98669,0.54002565,437,0.88358337,0.27829063,4380.0,0.20851155,0.1,0.0
8780.0,-23.54636,0.539465,438,0.88356334,0.27812895,4390.0,0.20850247,0.0,0.0
8800.0,-20.850525,0.5388912,439,0.88355535,0.27795586,4400.0,0.20856774,0.0,0.0
8820.0,-26.687677,0.5385315,440,0.8836281,0.27783278,4410.0,0.20867339,0.0,0.0
8840.0,-20.566166,0.5383684,441,0.8837292,0.2777599,4420.0,0.20868504,0.0,0.0
8860.0,-20.600285,0.53797865,442,0.8838148,0.27764598,4430.0,0.20859991,0.0,0.0
8880.0,-27.835384,0.5374121,443,0.8838558,0.27746925,4440.0,0.20862,0.0,0.0
8900.0,-24.0853,0.53685325,444,0.8838703,0.27727818,4450.0,0.2086403,0.0,0.0
8920.0,-25.352627,0.536323,445,0.8838896,0.2770971,4460.0,0.20866549,0.0,0.0
8940.0,-28.336914,0.5358959,446,0.8839523,0.27697194,4470.0,0.20868681,0.0,0.0
8960.0,-22.364887,0.5353695,447,0.883975,0.276796,4480.0,0.2086969,0.0,0.0
8980.0,-31.502462,0.5351353,448,0.88393736,0.2766598,4490.0,0.20868674,0.0,0.0
9000.0,-27.552944,0.5345768,449,0.8839381,0.2764553,4500.0,0.20865054,0.0,0.0
9020.0,-29.642643,0.5340328,450,0.88391876,0.27627075,4510.0,0.20867355,0.0,0.0
9040.0,-28.54773,0.53368706,451,0.88387156,0.27619419,4520.0,0.20867318,0.0,0.0
9060.0,-25.788235,0.53318995,452,0.88389546,0.2760583,4530.0,0.2086512,0.0,0.0
9080.0,-27.76533,0.5326653,453,0.8838555,0.27593338,4540.0,0.20868213,0.0,0.0
9100.0,-24.849438,0.53214484,454,0.8838113,0.27576074,4550.0,0.20864777,0.0,0.0
9120.0,-26.809727,0.5316491,455,0.8837814,0.27563718,4560.0,0.20861319,0.0,0.0
9140.0,-26.691929,0.5313841,456,0.88384646,0.2755649,4570.0,0.20861948,0.0,0.0
9160.0,-26.276678,0.5308807,457,0.88387775,0.2754259,4580.0,0.2086185,0.0,0.0
9180.0,-23.956165,0.5305076,458,0.8838279,0.27536783,4590.0,0.20858327,0.0,0.0
9200.0,-22.556675,0.5301328,459,0.8837309,0.27532488,4600.0,0.20863669,0.0,0.0
9220.0,-21.576973,0.52961653,460,0.88375694,0.27521354,4610.0,0.20864227,0.0,0.0
9240.0,-20.340216,0.5291478,461,0.8837219,0.2751168,4620.0,0.20863521,0.0,0.0
9260.0,-20.582996,0.528668,462,0.88369995,0.2749758,4630.0,0.20861691,0.0,0.0
9280.0,-19.949036,0.528503,463,0.8835924,0.27491006,4640.0,0.20857847,0.0,0.0
9300.0,-22.194283,0.52804273,464,0.8835748,0.27483514,4650.0,0.20854786,0.0,0.0
9320.0,-20.94102,0.52919525,465,0.88322693,0.27508774,4660.0,0.20842932,0.0,0.0
9340.0,-18.151726,0.5286662,466,0.8832426,0.27490458,4670.0,0.20847067,0.0,0.0
9360.0,-28.051067,0.52814955,467,0.8832634,0.27474988,4680.0,0.2084973,0.0,0.0
9380.0,-24.156578,0.5276982,468,0.88319683,0.27460384,4690.0,0.20850472,0.0,0.0
9400.0,-27.116165,0.5271874,469,0.8832197,0.2744366,4700.0,0.20847663,0.0,0.0
9420.0,-22.270819,0.52670026,470,0.88321036,0.2743126,4710.0,0.20854439,0.0,0.0
9440.0,-22.593231,0.5262144,471,0.88326305,0.2741803,4720.0,0.20856686,0.0,0.0
9460.0,-24.589973,0.5257374,472,0.8831997,0.27410373,4730.0,0.20857865,0.0,0.0
9480.0,-22.287779,0.5257108,473,0.88332397,0.27415368,4740.0,0.20854911,0.0,0.0
9500.0,-18.690908,0.5253127,474,0.8833774,0.2740793,4750.0,0.20855181,0.0,0.0
9520.0,-22.081995,0.5248497,475,0.8833639,0.27395278,4760.0,0.20855926,0.0,0.0
9540.0,-18.451418,0.52441114,476,0.8833347,0.27383038,4770.0,0.20853662,0.0,0.0
9560.0,-16.807852,0.5239839,477,0.8833716,0.2737128,4780.0,0.20855509,0.0,0.0
9580.0,-28.424198,0.523801,478,0.8832123,0.27365512,4790.0,0.20855099,0.0,0.0
9600.0,-23.254902,0.52333003,479,0.8831641,0.27353495,4800.0,0.20858316,0.0,0.0
9620.0,-25.044416,0.52345294,480,0.8829505,0.27356204,4810.0,0.20850588,0.0,0.0
9640.0,-23.823599,0.5230596,481,0.8828514,0.27345923,4820.0,0.2085143,0.0,0.0
9660.0,-27.291391,0.5225511,482,0.8828649,0.27331302,4830.0,0.20853394,0.0,0.0
9680.0,-28.00241,0.5220532,483,0.8828678,0.2731819,4840.0,0.20856623,0.0,0.0
9700.0,-25.50009,0.52178496,484,0.8827503,0.27312765,4850.0,0.208525,0.0,0.0
9720.0,-31.196941,0.521371,485,0.8827172,0.27301094,4860.0,0.20843022,0.0,0.0
9740.0,-31.234491,0.52097553,486,0.8827111,0.27290776,4870.0,0.2084027,0.0,0.0
9760.0,-29.963223,0.52057666,487,0.8827357,0.27282897,4880.0,0.2084301,0.0,0.0
9780.0,-27.00288,0.52020115,488,0.8827898,0.27274612,4890.0,0.2084314,0.0,0.0
9800.0,-30.256947,0.51998556,489,0.88277286,0.2726776,4900.0,0.2083957,0.0,0.0
9820.0,-33.766777,0.51957864,490,0.8827674,0.2725586,4910.0,0.20843266,0.0,0.0
9840.0,-30.722494,0.5190916,491,0.8827781,0.27242428,4920.0,0.20842077,0.0,0.0
9860.0,-32.2508,0.5185978,492,0.88277227,0.27229276,4930.0,0.20840897,0.0,0.0
9880.0,-33.468914,0.5181068,493,0.88276815,0.27214774,4940.0,0.2084168,0.0,0.0
9900.0,-33.021343,0.51778585,494,0.88280964,0.2720723,4950.0,0.208457,0.0,0.0
9920.0,-24.94054,0.51743954,495,0.8828463,0.27201143,4960.0,0.20851044,0.0,0.0
9940.0,-28.07584,0.5171113,496,0.8827489,0.27191043,4970.0,0.20850319,0.0,0.0
9960.0,-30.460453,0.5167083,497,0.88279575,0.27183685,4980.0,0.20848206,0.0,0.0
9980.0,-15.33666,0.5164982,498,0.88290954,0.2718095,4990.0,0.20856892,0.0,0.0
10000.0,-28.236156,0.51627135,499,0.8830485,0.27175555,5000.0,0.2086101,0.0,0.0
10020.0,-31.091019,0.5160783,500,0.8829641,0.2717029,5010.0,0.20858301,0.0,0.0
10040.0,-33.167706,0.5155995,501,0.8829804,0.27153313,5020.0,0.20863335,0.0,0.0
10060.0,-32.58099,0.51555437,502,0.8831227,0.27148557,5030.0,0.20868643,0.0,0.0
10080.0,-34.326134,0.515124,503,0.8831369,0.27136815,5040.0,0.20864743,0.0,0.0
10100.0,-32.761383,0.51488703,504,0.88309795,0.27129203,5050.0,0.20865726,0.0,0.0
10120.0,-31.437057,0.51548237,505,0.88331026,0.27129155,5060.0,0.2086922,0.0,0.0
10140.0,-37.30863,0.51510066,506,0.8833434,0.27117145,5070.0,0.20864521,0.0,0.0
10160.0,-30.133778,0.51482236,507,0.883435,0.27105522,5080.0,0.2087226,0.0,0.0
10180.0,-37.730682,0.51436347,508,0.8834467,0.270887,5090.0,0.20871599,0.0,0.0
10200.0,-34.1802,0.51392716,509,0.8834503,0.27075726,5100.0,0.20876858,0.0,0.0
10220.0,-37.194782,0.5134593,510,0.88346547,0.27058682,5110.0,0.2087907,0.0,0.0
10240.0,-32.885117,0.51348525,511,0.8834093,0.27054715,5120.0,0.208803,0.0,0.0
10260.0,-35.687042,0.51307833,512,0.88336325,0.2704412,5130.0,0.20880802,0.0,0.0
10280.0,-36.18048,0.5127393,513,0.88327867,0.27034843,5140.0,0.20882197,0.1,0.0
10300.0,-38.498016,0.51266766,514,0.88334465,0.27028924,5150.0,0.20890677,0.0,0.0
10320.0,-36.67724,0.512536,515,0.88344127,0.27026486,5160.0,0.2089382,0.0,0.0
10340.0,-36.271324,0.51216394,516,0.88343954,0.2701631,5170.0,0.2089467,0.0,0.0
10360.0,-37.91983,0.51171637,517,0.8834575,0.2700425,5180.0,0.20894966,0.0,0.0
10380.0,-41.063744,0.5124418,518,0.88332087,0.2701241,5190.0,0.20895237,0.0,0.0
10400.0,-31.649288,0.5124466,519,0.8834114,0.27009434,5200.0,0.20895694,0.0,0.0
10420.0,-34.02671,0.5131026,520,0.88319945,0.27023643,5210.0,0.20891276,0.0,0.0
10440.0,-34.378788,0.5150607,521,0.88346833,0.27055824,5220.0,0.2090007,0.0,0.0
10460.0,-37.42882,0.51460254,522,0.8834634,0.27042815,5230.0,0.20900638,0.0,0.0
10480.0,-36.437317,0.51443785,523,0.8835656,0.27035668,5240.0,0.20905332,0.0,0.0
10500.0,-40.21148,0.5141058,524,0.8835556,0.27024946,5250.0,0.20902516,0.0,0.0
10520.0,-35.65415,0.51383096,525,0.883374,0.27016658,5260.0,0.20898317,0.1,0.0
10540.0,-33.660507,0.513576,526,0.8834036,0.27008817,5270.0,0.20901828,0.0,0.0
10560.0,-38.68321,0.5133128,527,0.8833476,0.26999286,5280.0,0.20903565,0.0,0.0
10580.0,-43.273956,0.51330477,528,0.88337535,0.2699559,5290.0,0.20902981,0.0,0.0
10600.0,-37.207077,0.5128634,529,0.88335603,0.26984817,5300.0,0.20906496,0.0,0.0
10620.0,-38.456642,0.5124303,530,0.8833761,0.26970756,5310.0,0.20906477,0.0,0.0
10640.0,-36.54676,0.5120607,531,0.8833895,0.26962444,5320.0,0.2090846,0.0,0.0
10660.0,-35.35289,0.5116636,532,0.8834205,0.2695141,5330.0,0.20902626,0.0,0.0
10680.0,-41.487804,0.51129144,533,0.8834131,0.2694092,5340.0,0.20904993,0.0,0.0
10700.0,-30.07919,0.5111568,534,0.8834756,0.26937878,5350.0,0.20903806,0.0,0.0
10720.0,-29.726019,0.5107755,535,0.8834446,0.26925683,5360.0,0.20901112,0.0,0.0
10740.0,-30.831879,0.510356,536,0.88344246,0.26909465,5370.0,0.20897013,0.0,0.0
10760.0,-36.68183,0.5099472,537,0.8833976,0.2690037,5380.0,0.20896412,0.0,0.0
10780.0,-40.566254,0.5099934,538,0.88347346,0.26895967,5390.0,0.20897673,0.0,0.0
10800.0,-34.132732,0.5097364,539,0.88354975,0.26882684,5400.0,0.20897993,0.0,0.0
10820.0,-31.622818,0.50966793,540,0.8836501,0.2688048,5410.0,0.20899686,0.0,0.0
10840.0,-32.5765,0.5092978,541,0.88363194,0.26871637,5420.0,0.209027,0.0,0.0
10860.0,-20.003826,0.5089135,542,0.88360953,0.26865444,5430.0,0.20906709,0.0,0.0
10880.0,-31.533,0.50857157,543,0.88363415,0.26860696,5440.0,0.20908421,0.0,0.0
10900.0,-27.028137,0.50824285,544,0.88362104,0.2685341,5450.0,0.20906548,0.0,0.0
10920.0,-24.539358,0.5078122,545,0.8836077,0.2684161,5460.0,0.20906177,0.0,0.0
10940.0,-20.939548,0.5074037,546,0.8836252,0.26829398,5470.0,0.20905422,0.0,0.0
10960.0,-18.974436,0.50705636,547,0.8836084,0.26819044,5480.0,0.20911618,0.0,0.0
10980.0,-25.458185,0.50700074,548,0.8834524,0.2681585,5490.0,0.20913975,0.0,0.0
11000.0,-30.292843,0.50682646,549,0.8833656,0.2681249,5500.0,0.2091818,0.0,0.0
11020.0,-26.295761,0.5065366,550,0.883285,0.26801097,5510.0,0.20919828,0.0,0.0
11040.0,-31.47517,0.5064598,551,0.8832121,0.26800495,5520.0,0.20923454,0.0,0.0
11060.0,-33.273865,0.5060798,552,0.88319725,0.26787135,5530.0,0.20923844,0.0,0.0
11080.0,-28.80803,0.5059036,553,0.88318413,0.267787,5540.0,0.20925799,0.0,0.0
11100.0,-36.482872,0.50713044,554,0.88335437,0.26798007,5550.0,0.20931062,0.0,0.0
11120.0,-28.846369,0.5067517,555,0.8833583,0.26790115,5560.0,0.20933826,0.0,0.0
11140.0,-31.659567,0.5064247,556,0.88336635,0.2677962,5570.0,0.20934421,0.0,0.0
11160.0,-25.8186,0.506022,557,0.883358,0.267673,5580.0,0.20933041,0.0,0.0
11180.0,-28.800922,0.5056927,558,0.88335687,0.26759225,5590.0,0.20930351,0.0,0.0
11200.0,-28.046665,0.5052685,559,0.883341,0.2674591,5600.0,0.20930915,0.0,0.0
11220.0,-28.199347,0.5049701,560,0.8832739,0.26736698,5610.0,0.20933105,0.0,0.0
11240.0,-31.908405,0.50461715,561,0.8832412,0.26725113,5620.0,0.20935406,0.0,0.0
11260.0,-35.655155,0.5042292,562,0.8832355,0.26716086,5630.0,0.20938514,0.0,0.0
11280.0,-27.51207,0.50400776,563,0.8832464,0.26706588,5640.0,0.20935072,0.0,0.0
11300.0,-25.42398,0.50406975,564,0.8831637,0.2670554,5650.0,0.20928425,0.0,0.0
11320.0,-25.589542,0.50370145,565,0.88315934,0.26696014,5660.0,0.20924485,0.0,0.0
11340.0,-32.34793,0.50328946,566,0.883148,0.2668131,5670.0,0.20925318,0.0,0.0
11360.0,-35.927376,0.50293356,567,0.8831692,0.26671848,5680.0,0.20929097,0.0,0.0
11380.0,-36.632767,0.5025402,568,0.8831722,0.2666107,5690.0,0.20929076,0.0,0.0
11400.0,-34.323334,0.5021748,569,0.88313824,0.26652154,5700.0,0.2092585,0.0,0.0
11420.0,-35.55696,0.5018362,570,0.8831871,0.2664268,5710.0,0.20925125,0.0,0.0
11440.0,-33.436012,0.5014799,571,0.8831401,0.26632345,5720.0,0.20919548,0.0,0.0
11460.0,-32.639046,0.50109935,572,0.88312864,0.26619783,5730.0,0.2091717,0.0,0.0
11480.0,-32.699345,0.50072145,573,0.8831587,0.26608968,5740.0,0.20920244,0.0,0.0
11500.0,-27.729725,0.5007186,574,0.8831379,0.26609388,5750.0,0.20918643,0.0,0.0
11520.0,-27.887371,0.5003387,575,0.88312197,0.26599056,5760.0,0.20916133,0.0,0.0
11540.0,-27.890207,0.5007456,576,0.88299733,0.26601154,5770.0,0.20914568,0.0,0.0
11560.0,-38.893486,0.50035435,577,0.8830166,0.26585534,5780.0,0.20914596,0.0,0.0
11580.0,-32.07606,0.49995208,578,0.8830207,0.2656986,5790.0,0.20914151,0.0,0.0
11600.0,-36.22199,0.4995815,579,0.8829901,0.26558316,5800.0,0.2091418,0.0,0.0
11620.0,-36.745373,0.4992489,580,0.88302976,0.2654453,5810.0,0.20911716,0.0,0.0
11640.0,-37.411087,0.49889994,581,0.8829859,0.26532927,5820.0,0.20908582,0.0,0.0
11660.0,-36.57478,0.49851564,582,0.882991,0.26522103,5830.0,0.20909086,0.0,0.0
11680.0,-30.53399,0.4981184,583,0.8830097,0.2650814,5840.0,0.2090766,0.0,0.0
11700.0,-34.385124,0.4993206,584,0.88299155,0.2652773,5850.0,0.20910527,0.0,0.0
11720.0,-33.810978,0.4989592,585,0.8829716,0.26515424,5860.0,0.20914797,0.0,0.0
11740.0,-31.244495,0.49870458,586,0.8830352,0.26506883,5870.0,0.20914568,0.0,0.0
11760.0,-35.476837,0.4983286,587,0.883059,0.2649352,5880.0,0.20913851,0.0,0.0
11780.0,-34.670334,0.5020022,588,0.8834729,0.26546147,5890.0,0.20920485,0.0,0.0
11800.0,-34.343803,0.50168496,589,0.88350683,0.2653844,5900.0,0.20924017,0.0,0.0
11820.0,-42.372902,0.50135475,590,0.88351774,0.2652684,5910.0,0.20925803,0.0,0.0
11840.0,-37.495453,0.5010305,591,0.88354236,0.26518172,5920.0,0.20921685,0.0,0.0
11860.0,-32.0671,0.5008157,592,0.8835071,0.26511115,5930.0,0.2091785,0.0,0.0
11880.0,-36.370827,0.50060314,593,0.88354445,0.2650394,5940.0,0.209154,0.0,0.0
11900.0,-40.958885,0.50028086,594,0.8834805,0.2649376,5950.0,0.20913756,0.0,0.0
11920.0,-36.538677,0.50076634,595,0.88356805,0.26502585,5960.0,0.20920652,0.0,0.0
11940.0,-35.510963,0.50039005,596,0.8835657,0.2649113,5970.0,0.20923519,0.0,0.0
11960.0,-42.675713,0.5001393,597,0.88361406,0.2648466,5980.0,0.20924513,0.0,0.0
11980.0,-31.714441,0.50001144,598,0.883568,0.26481217,5990.0,0.20922107,0.0,0.0
12000.0,-38.150852,0.49965134,599,0.8835177,0.26468974,6000.0,0.20923896,0.0,0.0
12020.0,-46.289246,0.49933973,600,0.88351053,0.2645976,6010.0,0.20923327,0.0,0.0
12040.0,-35.947166,0.4989549,601,0.88349456,0.26448384,6020.0,0.20921563,0.0,0.0
12060.0,-41.528755,0.4987155,602,0.88351756,0.26448238,6030.0,0.20924124,0.0,0.0
12080.0,-34.326496,0.49889335,603,0.88365704,0.2645355,6040.0,0.20929663,0.0,0.0
12100.0,-39.892998,0.49853852,604,0.8836345,0.26447123,6050.0,0.20926249,0.0,0.0
12120.0,-40.022648,0.4983211,605,0.88372785,0.26442203,6060.0,0.2092768,0.0,0.0
12140.0,-38.87358,0.49809214,606,0.883781,0.2643816,6070.0,0.20932293,0.0,0.0
12160.0,-41.1919,0.4979804,607,0.8838375,0.26433212,6080.0,0.20931365,0.0,0.0
12180.0,-39.88301,0.49773297,608,0.8838756,0.26426768,6090.0,0.20934105,0.0,0.0
12200.0,-35.96632,0.49740276,609,0.8839051,0.2641645,6100.0,0.20935214,0.0,0.0
12220.0,-39.987175,0.49749538,610,0.8837765,0.2641681,6110.0,0.20933355,0.0,0.0
12240.0,-40.820297,0.4971857,611,0.8837579,0.26407334,6120.0,0.20934147,0.0,0.0
12260.0,-41.96801,0.4968369,612,0.88377684,0.26395392,6130.0,0.2093584,0.0,0.0
12280.0,-41.715527,0.49653363,613,0.88373905,0.2638676,6140.0,0.20935795,0.0,0.0
12300.0,-40.245804,0.4961672,614,0.883756,0.26375368,6150.0,0.20934227,0.0,0.0
12320.0,-38.861534,0.49588057,615,0.8837412,0.26372454,6160.0,0.20933327,0.0,0.0
12340.0,-40.825054,0.495538,616,0.8836942,0.26369247,6170.0,0.20932005,0.0,0.0
12360.0,-27.06868,0.49995628,617,0.8832655,0.26448023,6180.0,0.20926842,0.0,0.0
12380.0,-21.050396,0.49971977,618,0.8832729,0.26442897,6190.0,0.20925732,0.0,0.0
12400.0,-26.1333,0.49957323,619,0.8832733,0.26438934,6200.0,0.20924553,0.0,0.0
12420.0,-32.783348,0.4992989,620,0.8833294,0.264347,6210.0,0.2092612,0.0,0.0
12440.0,-28.614506,0.49892652,621,0.88331956,0.2642418,6220.0,0.20926495,0.0,0.0
12460.0,-33.90674,0.49858454,622,0.88335437,0.26413247,6230.0,0.20925383,0.0,0.0
12480.0,-26.015553,0.49822345,623,0.8833602,0.26399165,6240.0,0.2092448,0.0,0.0
12500.0,-28.064295,0.4978529,624,0.88337326,0.26387426,6250.0,0.20922402,0.0,0.0
12520.0,-30.007055,0.49749944,625,0.88339823,0.26375836,6260.0,0.2092337,0.0,0.0
12540.0,-33.23353,0.49713084,626,0.8833882,0.26362854,6270.0,0.20925377,0.0,0.0
12560.0,-34.650864,0.49677444,627,0.8834049,0.26350135,6280.0,0.20922716,0.0,0.0
12580.0,-31.048681,0.49640942,628,0.8834081,0.26340252,6290.0,0.2092399,0.0,0.0
12600.0,-21.089384,0.49604854,629,0.8833642,0.26330605,6300.0,0.2092679,0.0,0.0
12620.0,-28.510677,0.49612626,630,0.88332766,0.26335862,6310.0,0.209223,0.0,0.0
12640.0,-18.712162,0.4968555,631,0.88330525,0.2635299,6320.0,0.20922837,0.0,0.0
12660.0,-19.911139,0.49667975,632,0.8833475,0.26352942,6330.0,0.20924024,0.0,0.0
12680.0,-17.649097,0.49644843,633,0.883421,0.26347673,6340.0,0.20927516,0.0,0.0
12700.0,-18.141987,0.49608505,634,0.8834293,0.26336998,6350.0,0.20931235,0.0,0.0
12720.0,-11.704914,0.49585274,635,0.88347524,0.26330492,6360.0,0.20935632,0.0,0.0
12740.0,-15.644681,0.49550745,636,0.88347834,0.2632183,6370.0,0.20934549,0.0,0.0
12760.0,-14.3641205,0.4952805,637,0.88353854,0.26315954,6380.0,0.20936655,0.0,0.0
12780.0,-16.057997,0.4949462,638,0.88355494,0.2630643,6390.0,0.20937954,0.0,0.0
12800.0,-22.383455,0.49513713,639,0.88375646,0.2631302,6400.0,0.20942812,0.0,0.0
12820.0,-21.24017,0.4947853,640,0.88376045,0.26306495,6410.0,0.20946606,0.0,0.0
12840.0,-22.029858,0.4944576,641,0.88375807,0.26299798,6420.0,0.20945711,0.0,0.0
12860.0,-26.322418,0.49409536,642,0.8837697,0.26289272,6430.0,0.20944273,0.0,0.0
12880.0,-26.81304,0.49377117,643,0.8837798,0.26281846,6440.0,0.20941441,0.0,0.0
12900.0,-24.334787,0.49340963,644,0.8837712,0.26271382,6450.0,0.20937885,0.0,0.0
12920.0,-26.38436,0.4930574,645,0.88376635,0.26261356,6460.0,0.20940234,0.0,0.0
12940.0,-26.206345,0.49289918,646,0.8837033,0.26252505,6470.0,0.20936078,0.0,0.0
12960.0,-31.87497,0.4925487,647,0.8837109,0.26240447,6480.0,0.20933472,0.0,0.0
12980.0,-29.426535,0.49225822,648,0.8837035,0.2622925,6490.0,0.20933323,0.0,0.0
13000.0,-33.85136,0.49198386,649,0.88374263,0.26221436,6500.0,0.2093636,0.0,0.0
13020.0,-35.186466,0.49192253,650,0.88374805,0.26218906,6510.0,0.20936093,0.0,0.0
13040.0,-28.89175,0.4926543,651,0.8839342,0.26229954,6520.0,0.20938246,0.0,0.0
13060.0,-31.43568,0.49234447,652,0.88388675,0.26220942,6530.0,0.20933004,0.0,0.0
13080.0,-31.606838,0.49204955,653,0.88393444,0.26213312,6540.0,0.20934881,0.0,0.0
13100.0,-37.187355,0.4917083,654,0.8839404,0.26202136,6550.0,0.20934902,0.0,0.0
13120.0,-31.231945,0.49144205,655,0.8839702,0.2619564,6560.0,0.20936,0.0,0.0
13140.0,-32.441917,0.49114883,656,0.88397557,0.26185468,6570.0,0.20934261,0.1,0.0
13160.0,-40.063183,0.49128857,657,0.88413864,0.26182616,6580.0,0.20938987,0.0,0.0
13180.0,-40.850372,0.49094138,658,0.88413924,0.26172173,6590.0,0.20936994,0.0,0.0
13200.0,-38.723175,0.49076355,659,0.8841615,0.2617078,6600.0,0.2093584,0.0,0.0
13220.0,-41.733486,0.4905512,660,0.8841831,0.26167303,6610.0,0.2093671,0.0,0.0
13240.0,-37.750347,0.49032292,661,0.88419384,0.26162064,6620.0,0.20935036,0.0,0.0
13260.0,-35.128166,0.48997977,662,0.8842036,0.26150838,6630.0,0.20936714,0.0,0.0
13280.0,-39.40084,0.48964143,663,0.884201,0.2613932,6640.0,0.20934244,0.0,0.0
13300.0,-38.156235,0.4894919,664,0.884147,0.26134485,6650.0,0.20935442,0.0,0.0
13320.0,-34.639317,0.48919177,665,0.8840801,0.2612771,6660.0,0.20931265,0.0,0.0
13340.0,-36.293518,0.48887673,666,0.8840551,0.26122227,6670.0,0.20933759,0.0,0.0
13360.0,-35.731747,0.48857677,667,0.88404036,0.26115033,6680.0,0.20933512,0.0,0.0
13380.0,-42.29015,0.4882785,668,0.88404065,0.26108032,6690.0,0.20933191,0.0,0.0
13400.0,-39.14217,0.48794094,669,0.8840213,0.26097056,6700.0,0.20933573,0.0,0.0
13420.0,-38.885796,0.48760712,670,0.88402206,0.26084968,6710.0,0.20934111,0.0,0.0
13440.0,-37.68952,0.4872986,671,0.88401335,0.26075122,6720.0,0.2093268,0.0,0.0
13460.0,-39.57608,0.4870554,672,0.88403636,0.2606592,6730.0,0.20934801,0.0,0.0
13480.0,-35.376106,0.48672286,673,0.88403386,0.26056144,6740.0,0.20934765,0.0,0.0
13500.0,-40.170307,0.48641786,674,0.8840389,0.2604686,6750.0,0.20936258,0.0,0.0
13520.0,-42.121372,0.4860815,675,0.88405156,0.2603636,6760.0,0.2093405,0.0,0.0
13540.0,-40.743744,0.48575088,676,0.8840601,0.26026443,6770.0,0.20935284,0.0,0.0
13560.0,-41.64187,0.48544535,677,0.8840324,0.2601647,6780.0,0.20936476,0.0,0.0
13580.0,-40.875076,0.48526382,678,0.8840447,0.26011556,6790.0,0.20938843,0.0,0.0
13600.0,-37.126537,0.4851055,679,0.88409775,0.26008642,6800.0,0.20942593,0.0,0.0
13620.0,-35.87059,0.48486745,680,0.8841565,0.2600209,6810.0,0.20944186,0.0,0.0
13640.0,-36.777657,0.4846458,681,0.8841372,0.2599439,6820.0,0.20946528,0.0,0.0
13660.0,-43.178654,0.48440292,682,0.88414574,0.259885,6830.0,0.20948285,0.0,0.0
13680.0,-36.95405,0.4840893,683,0.8841613,0.259805,6840.0,0.20951498,0.0,0.0
13700.0,-39.917774,0.48388112,684,0.8841911,0.25977933,6850.0,0.20949976,0.0,0.0
13720.0,-35.535328,0.48362544,685,0.8841981,0.25973225,6860.0,0.20945683,0.0,0.0
13740.0,-41.961185,0.484972,686,0.8845145,0.25995252,6870.0,0.20954035,0.0,0.0
13760.0,-41.502575,0.48466107,687,0.88452744,0.25983983,6880.0,0.20955345,0.0,0.0
13780.0,-45.852592,0.48434308,688,0.8845416,0.2597338,6890.0,0.20958443,0.0,0.0
13800.0,-38.049217,0.4846748,689,0.88444227,0.25982705,6900.0,0.20957118,0.0,0.0
13820.0,-42.60805,0.48437262,690,0.88446426,0.25973308,6910.0,0.20956117,0.0,0.0
13840.0,-42.85741,0.48407683,691,0.8844433,0.25967085,6920.0,0.20953889,0.0,0.0
13860.0,-40.23629,0.48378575,692,0.8844165,0.25960198,6930.0,0.20952672,0.0,0.0
13880.0,-43.500927,0.48630738,693,0.8842985,0.26011384,6940.0,0.20951857,0.0,0.0
13900.0,-41.081776,0.48606947,694,0.8842992,0.2600383,6950.0,0.20946327,0.0,0.0
13920.0,-45.342773,0.48576084,695,0.8842611,0.25995225,6960.0,0.2094946,0.0,0.0
13940.0,-39.312225,0.4854701,696,0.88424295,0.25989366,6970.0,0.20950721,0.0,0.0
13960.0,-42.644302,0.4855002,697,0.88431484,0.25991645,6980.0,0.20957321,0.0,0.0
13980.0,-32.498016,0.48525992,698,0.8843077,0.25988945,6990.0,0.20957185,0.0,0.0
14000.0,-39.55081,0.4850594,699,0.8843367,0.25984147,7000.0,0.20959789,0.0,0.0
14020.0,-34.858208,0.48477116,700,0.88433194,0.2597949,7010.0,0.2096311,0.0,0.0
14040.0,-36.920063,0.48447755,701,0.8843417,0.25972623,7020.0,0.20965725,0.0,0.0
14060.0,-36.151314,0.4842231,702,0.88434935,0.25967568,7030.0,0.20962377,0.0,0.0
14080.0,-31.394272,0.48399878,703,0.884383,0.2596209,7040.0,0.20961729,0.0,0.0
14100.0,-36.805435,0.4840158,704,0.88449126,0.25958997,7050.0,0.20963776,0.0,0.0
14120.0,-32.623333,0.48387757,705,0.8845465,0.25952786,7060.0,0.20961866,0.0,0.0
14140.0,-37.021374,0.48359045,706,0.8844994,0.25943625,7070.0,0.20960331,0.0,0.0
14160.0,-34.91996,0.48329738,707,0.8844738,0.25936204,7080.0,0.2096508,0.0,0.0
14180.0,-32.643147,0.48316398,708,0.88450176,0.2593276,7090.0,0.20970911,0.0,0.0
14200.0,-41.94548,0.48286703,709,0.8844738,0.25924796,7100.0,0.20969239,0.0,0.0
14220.0,-38.35116,0.48257485,710,0.88448495,0.25917515,7110.0,0.2097177,0.0,0.0
14240.0,-35.53161,0.48227942,711,0.88448185,0.2590898,7120.0,0.20974328,0.0,0.0
14260.0,-33.61746,0.4820352,712,0.8844392,0.2590446,7130.0,0.20974402,0.0,0.0
14280.0,-36.340282,0.48175827,713,0.88444877,0.25895965,7140.0,0.20977436,0.0,0.0
14300.0,-36.22111,0.4819219,714,0.8845131,0.25900832,7150.0,0.2097917,0.0,0.0
14320.0,-38.353054,0.4816079,715,0.88451105,0.2589189,7160.0,0.209795,0.0,0.0
14340.0,-39.610573,0.48204875,716,0.8846968,0.25893584,7170.0,0.20981032,0.0,0.0
14360.0,-35.79641,0.48184013,717,0.88471586,0.25886568,7180.0,0.20981416,0.0,0.0
14380.0,-39.348255,0.48154223,718,0.8847358,0.25879297,7190.0,0.20982237,0.0,0.0
14400.0,-36.572964,0.4815447,719,0.88478583,0.2587258,7200.0,0.20983313,0.0,0.0
14420.0,-40.376183,0.4812707,720,0.8847952,0.25867137,7210.0,0.20986184,0.0,0.0
14440.0,-24.530354,0.48116598,721,0.8847604,0.25865448,7220.0,0.20987293,0.0,0.0
14460.0,-26.728018,0.48091778,722,0.88478804,0.25862607,7230.0,0.2098666,0.0,0.0
14480.0,-22.993107,0.48098442,723,0.8849368,0.2586671,7240.0,0.20989683,0.0,0.0
14500.0,-20.802666,0.48075318,724,0.88495225,0.25863472,7250.0,0.20989758,0.0,0.0
14520.0,-25.148024,0.48107234,725,0.88488907,0.25870103,7260.0,0.2098761,0.0,0.0
14540.0,-27.135138,0.48094046,726,0.8847919,0.25865912,7270.0,0.20984676,0.0,0.0
14560.0,-26.958654,0.48069298,727,0.88478583,0.2586156,7280.0,0.20986278,0.0,0.0
14580.0,-26.68693,0.48057818,728,0.88485616,0.25859392,7290.0,0.20991337,0.0,0.0
14600.0,-26.082043,0.48042908,729,0.8849198,0.25855502,7300.0,0.20993082,0.0,0.0
14620.0,-32.96949,0.48023418,730,0.8849693,0.25850567,7310.0,0.20990855,0.0,0.0
14640.0,-28.870493,0.48155668,731,0.88526154,0.2587122,7320.0,0.20994158,0.0,0.0
14660.0,-30.75064,0.4812686,732,0.88525194,0.25864848,7330.0,0.20993571,0.0,0.0
14680.0,-27.65842,0.4809749,733,0.885231,0.25859135,7340.0,0.20994152,0.0,0.0
14700.0,-24.855244,0.48066768,734,0.8852233,0.25849658,7350.0,0.20992993,0.0,0.0
14720.0,-29.262669,0.48038128,735,0.8852379,0.2584251,7360.0,0.2099296,0.0,0.0
14740.0,-25.766262,0.48007748,736,0.885238,0.25836328,7370.0,0.20995192,0.0,0.0
14760.0,-27.327969,0.47979355,737,0.8852322,0.25832233,7380.0,0.20994018,0.0,0.0
14780.0,-24.538124,0.4802458,738,0.8853095,0.2584321,7390.0,0.2099869,0.0,0.0
14800.0,-24.194391,0.4800001,739,0.88533205,0.25836822,7400.0,0.20998694,0.0,0.0
14820.0,-22.029928,0.47984672,740,0.8853691,0.25833875,7410.0,0.2099902,0.0,0.0
14840.0,-27.716715,0.47970322,741,0.88534117,0.25831956,7420.0,0.20993644,0.0,0.0
14860.0,-24.05513,0.47947928,742,0.8853238,0.25828215,7430.0,0.20993708,0.0,0.0
14880.0,-32.29552,0.47921488,743,0.8853491,0.25822192,7440.0,0.20994876,0.0,0.0
14900.0,-30.694605,0.4789256,744,0.8853217,0.25813878,7450.0,0.20994548,0.0,0.0
14920.0,-25.911081,0.47889212,745,0.8853721,0.25813898,7460.0,0.2099805,0.0,0.0
14940.0,-18.871365,0.47860265,746,0.8853654,0.258076,7470.0,0.20999806,0.0,0.0
14960.0,-23.150946,0.4783033,747,0.8853628,0.25798884,7480.0,0.21002737,0.0,0.0
14980.0,-30.963902,0.47806934,748,0.88534445,0.2579222,7490.0,0.21000963,0.0,0.0
15000.0,-34.518238,0.47780237,749,0.8853426,0.2578573,7500.0,0.21000414,0.0,0.0
15020.0,-28.272863,0.47762084,750,0.88539433,0.2578043,7510.0,0.21004991,0.0,0.0
15040.0,-29.590405,0.47738895,751,0.88542634,0.25771558,7520.0,0.21005435,0.0,0.0
15060.0,-34.473743,0.4771141,752,0.885434,0.2576243,7530.0,0.21005775,0.0,0.0
15080.0,-33.910355,0.47683954,753,0.88542765,0.25754607,7540.0,0.21004659,0.0,0.0
15100.0,-34.289623,0.47657505,754,0.8854092,0.25747535,7550.0,0.21006408,0.0,0.0
15120.0,-24.94306,0.47631362,755,0.88540286,0.25739226,7560.0,0.21007857,0.0,0.0
15140.0,-40.76418,0.47624502,756,0.8854864,0.25735435,7570.0,0.21009038,0.0,0.0
15160.0,-35.7828,0.4764003,757,0.8855606,0.25736514,7580.0,0.21016663,0.0,0.0
15180.0,-35.630424,0.4765977,758,0.8856916,0.25737894,7590.0,0.21019556,0.0,0.0
15200.0,-34.652176,0.47637597,759,0.8857128,0.25730887,7600.0,0.21022867,0.0,0.0
15220.0,-39.10335,0.47608724,760,0.8857047,0.25721622,7610.0,0.21022612,0.0,0.0
15240.0,-36.442772,0.47751138,761,0.8859091,0.25742465,7620.0,0.21027109,0.0,0.0
15260.0,-37.995728,0.47726658,762,0.88588566,0.2573402,7630.0,0.21026184,0.0,0.0
15280.0,-42.99952,0.47697833,763,0.88588524,0.2572497,7640.0,0.21027836,0.0,0.0
15300.0,-37.045647,0.4767466,764,0.8858945,0.25716835,7650.0,0.21024337,0.0,0.0
15320.0,-31.602528,0.47652578,765,0.8858897,0.2570945,7660.0,0.2102428,0.0,0.0
15340.0,-42.35432,0.47646073,766,0.88590956,0.25710982,7670.0,0.2102314,0.0,0.0
15360.0,-36.920475,0.47621122,767,0.8859153,0.2570228,7680.0,0.21024589,0.0,0.0
15380.0,-38.23345,0.47602487,768,0.8859139,0.256964,7690.0,0.21021129,0.0,0.0
15400.0,-37.695217,0.47578418,769,0.8858948,0.25690517,7700.0,0.21023975,0.0,0.0
15420.0,-43.03054,0.4755025,770,0.8858786,0.25681928,7710.0,0.21024247,0.0,0.0
15440.0,-35.8312,0.47526827,771,0.8858366,0.25676715,7720.0,0.21027355,0.0,0.0
15460.0,-44.50173,0.47559226,772,0.8858967,0.2568437,7730.0,0.21030656,0.0,0.0
15480.0,-41.32482,0.4753356,773,0.8858936,0.25677025,7740.0,0.21031164,0.0,0.0
15500.0,-36.917324,0.47517642,774,0.8858158,0.25670248,7750.0,0.2103257,0.0,0.0
15520.0,-37.954227,0.4749526,775,0.885804,0.25665405,7760.0,0.21034168,0.0,0.0
15540.0,-39.949547,0.4747627,776,0.88581634,0.25660592,7770.0,0.21031672,0.0,0.0
15560.0,-39.838017,0.47457156,777,0.8858146,0.25652012,7780.0,0.21032928,0.0,0.0
15580.0,-43.277473,0.47432414,778,0.88582087,0.25646248,7790.0,0.21034218,0.0,0.0
15600.0,-40.925976,0.4740754,779,0.88581055,0.25639328,7800.0,0.21033074,0.0,0.0
15620.0,-39.27604,0.47385475,780,0.88579804,0.2563339,7810.0,0.21032465,0.0,0.0
15640.0,-24.277485,0.47367564,781,0.8857402,0.2562899,7820.0,0.21032646,0.0,0.0
15660.0,-33.97629,0.4748352,782,0.88589746,0.2565115,7830.0,0.2103501,0.0,0.0
15680.0,-30.271084,0.4746046,783,0.8859394,0.2564579,7840.0,0.21036503,0.0,0.0
15700.0,-43.614037,0.47443366,784,0.88598794,0.25640237,7850.0,0.21036291,0.0,0.0
15720.0,-33.165363,0.47451094,785,0.88611144,0.25638297,7860.0,0.21037096,0.0,0.0
15740.0,-38.276646,0.47439563,786,0.8860746,0.25635818,7870.0,0.2103581,0.0,0.0
15760.0,-42.211754,0.47418746,787,0.88607794,0.25628892,7880.0,0.21038471,0.0,0.0
15780.0,-39.031734,0.4739282,788,0.8860869,0.25622222,7890.0,0.21037424,0.0,0.0
15800.0,-26.52457,0.47369805,789,0.8860881,0.25615606,7900.0,0.2103726,0.0,0.0
15820.0,-38.19127,0.47342625,790,0.8860831,0.25606573,7910.0,0.21034288,0.0,0.0
15840.0,-36.00174,0.4731648,791,0.8860746,0.25599816,7920.0,0.21035832,0.0,0.0
15860.0,-37.87966,0.47296432,792,0.88611096,0.25590587,7930.0,0.21036223,0.0,0.0
15880.0,-30.04964,0.4727448,793,0.8860989,0.25586015,7940.0,0.21034178,0.0,0.0
15900.0,-36.548058,0.47248685,794,0.8861101,0.25578317,7950.0,0.21036205,0.0,0.0
15920.0,-29.446918,0.4722426,795,0.88612574,0.25572005,7960.0,0.21039246,0.0,0.0
15940.0,-31.578945,0.47198758,796,0.88612324,0.25566038,7970.0,0.2104051,0.0,0.0
15960.0,-30.673492,0.47171724,797,0.88610667,0.25560367,7980.0,0.21038483,0.0,0.0
15980.0,-46.68245,0.47150525,798,0.88612884,0.25554,7990.0,0.21037321,0.0,0.0
16000.0,-35.332073,0.4712402,799,0.88610834,0.25547233,8000.0,0.21037333,0.0,0.0
16020.0,-37.030846,0.47102043,800,0.8860738,0.2554165,8010.0,0.2104158,0.0,0.0
16040.0,-31.788412,0.4708031,801,0.8860524,0.25536582,8020.0,0.2104464,0.0,0.0
16060.0,-36.478977,0.47060862,802,0.88607264,0.25531393,8030.0,0.21046892,0.0,0.0
16080.0,-29.054638,0.47042426,803,0.8860317,0.2552709,8040.0,0.21048078,0.0,0.0
16100.0,-37.397747,0.47016302,804,0.8860309,0.25520182,8050.0,0.21048683,0.0,0.0
16120.0,-36.7328,0.46989283,805,0.886017,0.25512496,8060.0,0.21051235,0.0,0.0
16140.0,-40.74326,0.46974304,806,0.8860629,0.25507626,8070.0,0.2105117,0.0,0.0
16160.0,-38.126015,0.46951297,807,0.8860783,0.25503236,8080.0,0.21054341,0.0,0.0
16180.0,-40.07289,0.47000265,808,0.8861683,0.25514087,8090.0,0.21055384,0.0,0.0
16200.0,-38.5526,0.46990564,809,0.886184,0.25510854,8100.0,0.21052754,0.0,0.0
16220.0,-38.393814,0.46973908,810,0.88620406,0.25506818,8110.0,0.21049392,0.0,0.0
16240.0,-35.09155,0.46948203,811,0.8862014,0.2550099,8120.0,0.21049887,0.0,0.0
16260.0,-37.197906,0.46922612,812,0.88620406,0.25493935,8130.0,0.21051443,0.0,0.0
16280.0,-41.004658,0.46912256,813,0.88612634,0.25488666,8140.0,0.21051912,0.0,0.0
16300.0,-37.35012,0.46894208,814,0.886143,0.25483248,8150.0,0.21055026,0.0,0.0
16320.0,-41.656315,0.46870112,815,0.88614917,0.25477332,8160.0,0.21054322,0.0,0.0
16340.0,-39.433514,0.46846497,816,0.8861091,0.2547264,8170.0,0.21055786,0.0,0.0
16360.0,-41.147064,0.46845913,817,0.88616675,0.25475767,8180.0,0.2105715,0.0,0.0
16380.0,-36.836857,0.46822014,818,0.8861715,0.25468734,8190.0,0.21055411,0.0,0.0
16400.0,-39.86595,0.46799853,819,0.88612443,0.2546415,8200.0,0.21054329,0.0,0.0
16420.0,-35.57874,0.46793255,820,0.88616157,0.2546178,8210.0,0.21057038,0.0,0.0
16440.0,-38.22803,0.46803162,821,0.88609725,0.25463462,8220.0,0.21057111,0.0,0.0
16460.0,-34.632458,0.4677938,822,0.8860998,0.25458026,8230.0,0.21059051,0.0,0.0
16480.0,-39.20541,0.46755302,823,0.8860898,0.2545197,8240.0,0.21060751,0.0,0.0
16500.0,-36.28257,0.4673895,824,0.88604206,0.25448048,8250.0,0.21057792,0.0,0.0
16520.0,-37.21209,0.46717605,825,0.8860468,0.25444448,8260.0,0.21058579,0.0,0.0
16540.0,-34.365253,0.46808925,826,0.8860304,0.25464925,8270.0,0.21057226,0.0,0.0
16560.0,-36.108982,0.46820185,827,0.88592863,0.25465357,8280.0,0.21055673,0.0,0.0
16580.0,-44.865707,0.4679481,828,0.8859065,0.25459608,8290.0,0.21054533,0.0,0.0
16600.0,-39.528297,0.46769628,829,0.88591045,0.25451186,8300.0,0.21055837,0.0,0.0
16620.0,-33.238533,0.468086,830,0.8858579,0.25459757,8310.0,0.21058656,0.0,0.0
16640.0,-38.807854,0.46798268,831,0.8858893,0.25456956,8320.0,0.21059413,0.0,0.0
16660.0,-42.455917,0.46784616,832,0.8858752,0.25454563,8330.0,0.21061486,0.0,0.0
16680.0,-37.929092,0.46763098,833,0.885905,0.2545149,8340.0,0.21062647,0.0,0.0
16700.0,-38.18062,0.4677448,834,0.8859225,0.25453666,8350.0,0.21064389,0.0,0.0
16720.0,-34.54216,0.4678013,835,0.8859821,0.25454706,8360.0,0.21067551,0.0,0.0
16740.0,-39.938442,0.46756482,836,0.88598055,0.25447404,8370.0,0.21065916,0.0,0.0
16760.0,-39.900917,0.46756628,837,0.8859334,0.25443828,8380.0,0.2106467,0.0,0.0
16780.0,-40.655655,0.46732488,838,0.8859279,0.25437325,8390.0,0.21064372,0.0,0.0
16800.0,-37.601128,0.46715438,839,0.8858922,0.25433284,8400.0,0.21067931,0.0,0.0
16820.0,-36.114094,0.4669141,840,0.885899,0.25427863,8410.0,0.21068898,0.0,0.0
16840.0,-41.657345,0.4668672,841,0.88588613,0.2542777,8420.0,0.21070848,0.0,0.0
16860.0,-41.610546,0.46737513,842,0.8857403,0.25437436,8430.0,0.2107024,0.0,0.0
16880.0,-42.20381,0.46731934,843,0.8857861,0.25435117,8440.0,0.21070181,0.0,0.0
16900.0,-37.098064,0.46709895,844,0.88576317,0.25428802,8450.0,0.21071987,0.0,0.0
16920.0,-42.101936,0.46705213,845,0.885662,0.2542606,8460.0,0.21071234,0.0,0.0
16940.0,-37.85359,0.46681085,846,0.88565534,0.25418407,8470.0,0.21072018,0.0,0.0
16960.0,-40.09942,0.46709296,847,0.88569236,0.2542406,8480.0,0.21073075,0.0,0.0
16980.0,-44.214203,0.46687436,848,0.885657,0.25418288,8490.0,0.21074356,0.0,0.0
17000.0,-41.38609,0.4677824,849,0.8856985,0.25426954,8500.0,0.21075076,0.0,0.0
17020.0,-34.965385,0.46766725,850,0.88568026,0.2542353,8510.0,0.21075673,0.0,0.0
17040.0,-36.202385,0.4674294,851,0.88570124,0.25417092,8520.0,0.21075107,0.0,0.0
17060.0,-40.097202,0.46720567,852,0.88568467,0.25411466,8530.0,0.21075697,0.0,0.0
17080.0,-42.228024,0.46697438,853,0.88563967,0.2540677,8540.0,0.210727,0.0,0.0
17100.0,-42.867104,0.46679077,854,0.88563246,0.25404426,8550.0,0.21074335,0.0,0.0
17120.0,-43.609394,0.4665728,855,0.88560796,0.25401336,8560.0,0.21072485,0.0,0.0
17140.0,-41.28878,0.46714136,856,0.88559777,0.25410044,8570.0,0.21073696,0.0,0.0
17160.0,-43.0933,0.46709692,857,0.88568354,0.2541029,8580.0,0.21076554,0.0,0.0
17180.0,-42.596497,0.46685877,858,0.88567775,0.25402883,8590.0,0.21075746,0.0,0.0
17200.0,-42.83271,0.466675,859,0.88563067,0.25399816,8600.0,0.21076392,0.0,0.0
17220.0,-41.31934,0.46830285,860,0.88578457,0.25432625,8610.0,0.21074562,0.0,0.0
17240.0,-43.69884,0.46814814,861,0.88573354,0.25430292,8620.0,0.21071781,0.0,0.0
17260.0,-44.777447,0.46795347,862,0.8857102,0.25425765,8630.0,0.21072894,0.0,0.0
17280.0,-44.515026,0.46779227,863,0.8856797,0.2542347,8640.0,0.21075374,0.0,0.0
17300.0,-40.714275,0.46763763,864,0.88568807,0.2542147,8650.0,0.2107945,0.0,0.0
17320.0,-37.705246,0.46829128,865,0.8855584,0.25436896,8660.0,0.21076237,0.0,0.0
17340.0,-38.306236,0.46806148,866,0.885557,0.2543126,8670.0,0.21076415,0.0,0.0
17360.0,-43.213745,0.46785402,867,0.8855703,0.25428244,8680.0,0.21075322,0.0,0.0
17380.0,-39.666237,0.46762303,868,0.8855763,0.25421074,8690.0,0.2107571,0.0,0.0
17400.0,-37.755505,0.46779785,869,0.8855025,0.25427487,8700.0,0.2107553,0.0,0.0
17420.0,-43.164032,0.46773013,870,0.885536,0.25428402,8710.0,0.21075241,0.0,0.0
17440.0,-41.563362,0.46781754,871,0.88561124,0.25430137,8720.0,0.21077456,0.0,0.0
17460.0,-39.945183,0.46759272,872,0.88559335,0.25425494,8730.0,0.21075009,0.0,0.0
17480.0,-42.37101,0.471658,873,0.8856804,0.2550492,8740.0,0.21077822,0.0,0.0
17500.0,-42.126945,0.4717041,874,0.8857139,0.25505492,8750.0,0.21080776,0.0,0.0
17520.0,-41.75829,0.4715568,875,0.8856797,0.2550196,8760.0,0.2108049,0.0,0.0
17540.0,-42.329556,0.47152284,876,0.88567567,0.25501022,8770.0,0.21083632,0.0,0.0
17560.0,-37.52301,0.4712995,877,0.8856465,0.25495684,8780.0,0.21084577,0.0,0.0
17580.0,-41.353294,0.47128853,878,0.88567525,0.2549625,8790.0,0.21087807,0.0,0.0
17600.0,-38.770054,0.47265038,879,0.88557714,0.25514507,8800.0,0.21087918,0.0,0.0
17620.0,-39.30027,0.47242093,880,0.8855756,0.25507227,8810.0,0.21085826,0.0,0.0
17640.0,-38.020634,0.4721992,881,0.8855369,0.255022,8820.0,0.21084243,0.0,0.0
17660.0,-40.603264,0.47196484,882,0.88552505,0.25494537,8830.0,0.21082306,0.0,0.0
17680.0,-32.959236,0.47173342,883,0.88553184,0.2548565,8840.0,0.21083872,0.0,0.0
17700.0,-39.081474,0.4715158,884,0.88550884,0.25480485,8850.0,0.21079813,0.0,0.0
17720.0,-46.077717,0.4712963,885,0.8855312,0.25476253,8860.0,0.21081053,0.0,0.0
17740.0,-43.02091,0.47107923,886,0.8855098,0.25471485,8870.0,0.21081802,0.0,0.0
17760.0,-39.58448,0.4708581,887,0.885505,0.25465563,8880.0,0.21083805,0.0,0.0
17780.0,-40.911453,0.47082186,888,0.88548803,0.2546744,8890.0,0.21080512,0.0,0.0
17800.0,-40.154713,0.4710338,889,0.8855768,0.254727,8900.0,0.21082488,0.0,0.0
17820.0,-35.45412,0.47081825,890,0.88557214,0.25468954,8910.0,0.2108037,0.0,0.0
17840.0,-37.78962,0.47059432,891,0.8855789,0.2546406,8920.0,0.21081817,0.0,0.0
17860.0,-44.011856,0.47220218,892,0.88570017,0.25493163,8930.0,0.21084091,0.0,0.0
17880.0,-37.98486,0.47200847,893,0.8857015,0.25487527,8940.0,0.21085322,0.0,0.0
17900.0,-37.165462,0.47176304,894,0.8857064,0.25481576,8950.0,0.21087305,0.0,0.0
17920.0,-41.264732,0.4718152,895,0.88570076,0.25481293,8960.0,0.21088688,0.0,0.0
17940.0,-40.805912,0.47160056,896,0.8856878,0.25475922,8970.0,0.2108902,0.0,0.0
17960.0,-37.738514,0.47149885,897,0.8857004,0.25475103,8980.0,0.2109056,0.0,0.0
17980.0,-39.297066,0.4713907,898,0.8856774,0.25473833,8990.0,0.21087676,0.0,0.0
18000.0,-43.02095,0.4711623,899,0.8856406,0.2546735,9000.0,0.21085815,0.0,0.0
18020.0,-38.56159,0.47101212,900,0.885616,0.25464177,9010.0,0.2108548,0.0,0.0
18040.0,-42.86284,0.4707981,901,0.88560444,0.25458553,9020.0,0.21084617,0.0,0.0
18060.0,-38.81042,0.4705834,902,0.88556415,0.25452304,9030.0,0.21081617,0.0,0.0
18080.0,-37.591923,0.47037756,903,0.8855486,0.25446552,9040.0,0.21082483,0.0,0.0
18100.0,-42.791992,0.47018757,904,0.88552386,0.2544192,9050.0,0.21081896,0.0,0.0
18120.0,-44.428337,0.47014382,905,0.88550615,0.25440514,9060.0,0.21079749,0.0,0.0
18140.0,-43.542336,0.4699256,906,0.8855069,0.25435656,9070.0,0.21078002,0.0,0.0
18160.0,-36.805367,0.46981946,907,0.8854831,0.25433922,9080.0,0.21077576,0.0,0.0
18180.0,-39.850525,0.47050488,908,0.8856321,0.25446483,9090.0,0.21079338,0.0,0.0
18200.0,-41.556126,0.47034183,909,0.88562864,0.25442642,9100.0,0.21079287,0.0,0.0
18220.0,-41.151146,0.4701089,910,0.88560987,0.25439015,9110.0,0.21083942,0.0,0.0
18240.0,-42.779514,0.46989635,911,0.8856097,0.25434822,9120.0,0.210844,0.0,0.0
18260.0,-38.827484,0.47029185,912,0.8856124,0.2544268,9130.0,0.21084239,0.0,0.0
18280.0,-44.16586,0.47053683,913,0.8856328,0.2544714,9140.0,0.21085717,0.0,0.0
