test/mean_Q,train/episode,stats_o/std,test/episode,epoch,test/success_rate,stats_g/std,stats_g/mean,stats_o/mean,train/success_rate
-3.8176708,20.0,0.06379525,10.0,0,0.0,0.122895755,0.88464737,0.20802853,0.0
-6.663207,40.0,0.06104122,20.0,1,0.0,0.121902205,0.87589765,0.20693423,0.0
-10.617312,60.0,0.058550972,30.0,2,0.0,0.120969236,0.8743162,0.20667377,0.0
-11.048856,80.0,0.060006227,40.0,3,0.1,0.120236255,0.8738486,0.20711912,0.0
-14.022603,100.0,0.058603153,50.0,4,0.0,0.12005159,0.8704319,0.20667695,0.0
-15.275961,120.0,0.066405736,60.0,5,0.0,0.12188809,0.87000483,0.20669337,0.0
-16.304636,140.0,0.0675819,70.0,6,0.1,0.121290475,0.86666435,0.20516877,0.0
-18.243118,160.0,0.072261006,80.0,7,0.0,0.12171071,0.86476403,0.2050375,0.0
-19.202961,180.0,0.0739597,90.0,8,0.0,0.12164105,0.86415356,0.20413624,0.0
-20.386917,200.0,0.075856216,100.0,9,0.0,0.121573,0.8642325,0.2043327,0.0
-23.185493,220.0,0.07997958,110.0,10,0.0,0.123795964,0.86370707,0.204829,0.0
-23.491407,240.0,0.08431354,120.0,11,0.1,0.12403244,0.8633876,0.2051556,0.0
-25.785395,260.0,0.08658307,130.0,12,0.0,0.12442879,0.8628543,0.20487821,0.0
-24.43565,280.0,0.08652152,140.0,13,0.0,0.12313897,0.8628263,0.20496225,0.0
-27.918936,300.0,0.08712199,150.0,14,0.0,0.122328155,0.86267,0.20480564,0.0
-30.02026,320.0,0.08665977,160.0,15,0.0,0.12178784,0.8618744,0.2046554,0.0
-28.079998,340.0,0.08796506,170.0,16,0.0,0.12112954,0.8615404,0.20449184,0.0
-29.085209,360.0,0.08796512,180.0,17,0.0,0.120731115,0.8609149,0.20457491,0.0
-30.03869,380.0,0.08846405,190.0,18,0.0,0.12113333,0.86029214,0.2043532,0.0
-29.369043,400.0,0.08869242,200.0,19,0.0,0.12095785,0.859313,0.20422333,0.0
-26.111073,420.0,0.08937499,210.0,20,0.0,0.12070119,0.8587503,0.20421089,0.0
-26.965113,440.0,0.09203745,220.0,21,0.0,0.12285721,0.8580653,0.20428284,0.0
-28.482456,460.0,0.092781894,230.0,22,0.0,0.122382365,0.85797113,0.20435277,0.0
-29.52544,480.0,0.095135145,240.0,23,0.0,0.12358143,0.85712624,0.20418976,0.0
-25.62211,500.0,0.095470525,250.0,24,0.1,0.123317145,0.8572232,0.20437029,0.0
-23.342274,520.0,0.09765309,260.0,25,0.1,0.12379787,0.85695505,0.2047323,0.0
-31.252377,540.0,0.09830166,270.0,26,0.0,0.12461456,0.8576114,0.20506622,0.0
-31.654873,560.0,0.09986969,280.0,27,0.0,0.12573732,0.85749334,0.20512854,0.0
-30.462484,580.0,0.1004236,290.0,28,0.0,0.12601611,0.85767984,0.20523173,0.0
-23.797535,600.0,0.10150983,300.0,29,0.5,0.12656261,0.8577493,0.20471184,0.0
-28.547405,620.0,0.10431364,310.0,30,0.1,0.12745094,0.8582168,0.20490348,0.0
-26.300304,640.0,0.10470962,320.0,31,0.0,0.12747745,0.8583746,0.20521414,0.0
-20.074314,660.0,0.107241355,330.0,32,0.0,0.13064405,0.8581801,0.20532362,0.0
-25.4072,680.0,0.10816696,340.0,33,0.1,0.13118504,0.8571783,0.20489694,0.0
-24.42857,700.0,0.111373045,350.0,34,0.0,0.13286223,0.8564501,0.20435032,0.0
-30.80575,720.0,0.11311504,360.0,35,0.0,0.13395233,0.8562407,0.20423292,0.0
-21.789478,740.0,0.11362373,370.0,36,0.2,0.13418405,0.8558936,0.2043311,0.0
-28.261295,760.0,0.113613434,380.0,37,0.2,0.13403352,0.8559806,0.20420866,0.0
-24.55136,780.0,0.1147805,390.0,38,0.0,0.13409583,0.85575867,0.20411901,0.0
-27.089428,800.0,0.11530106,400.0,39,0.0,0.13441242,0.855449,0.20399044,0.0
-29.086407,820.0,0.116698876,410.0,40,0.0,0.13436788,0.855166,0.20373169,0.0
-21.110334,840.0,0.11657424,420.0,41,0.2,0.13426751,0.85504895,0.2036886,0.0
-22.624805,860.0,0.11746093,430.0,42,0.0,0.13410142,0.8548967,0.20360304,0.0
-23.128796,880.0,0.11792275,440.0,43,0.1,0.13500297,0.8549145,0.20333254,0.0
-22.090948,900.0,0.11799529,450.0,44,0.4,0.13509499,0.8542807,0.20335492,0.0
-20.485767,920.0,0.11845867,460.0,45,0.2,0.13466258,0.8542204,0.20374657,0.0
-21.166918,940.0,0.11855235,470.0,46,0.1,0.13523014,0.8538137,0.20373829,0.0
-25.8437,960.0,0.11890514,480.0,47,0.0,0.135195,0.85374445,0.20391847,0.0
-22.342037,980.0,0.11869496,490.0,48,0.0,0.13490881,0.8534228,0.20399038,0.0
-24.638458,1000.0,0.118894026,500.0,49,0.0,0.13463618,0.8530822,0.20379917,0.0
-26.73142,1020.0,0.11899578,510.0,50,0.1,0.13434738,0.8530383,0.20417733,0.0
-19.996912,1040.0,0.11928239,520.0,51,0.1,0.13477784,0.8530669,0.20442641,0.05
-21.994152,1060.0,0.118978985,530.0,52,0.1,0.13427554,0.8529846,0.20440039,0.05
-20.428808,1080.0,0.11974952,540.0,53,0.5,0.13425134,0.8529875,0.20470805,0.0
-20.011229,1100.0,0.11977231,550.0,54,0.1,0.1340027,0.85295993,0.20484678,0.0
-24.181664,1120.0,0.11982276,560.0,55,0.0,0.13430823,0.85276335,0.20511171,0.0
-22.768776,1140.0,0.12009519,570.0,56,0.1,0.13430567,0.85274124,0.20541479,0.0
-21.56987,1160.0,0.12005982,580.0,57,0.0,0.13408066,0.8528934,0.2055416,0.0
-23.673569,1180.0,0.11988516,590.0,58,0.1,0.13398625,0.8530764,0.2057833,0.0
-22.407078,1200.0,0.119921505,600.0,59,0.0,0.1338198,0.8529909,0.20601843,0.0
-20.517704,1220.0,0.12029806,610.0,60,0.1,0.13358012,0.8530026,0.20603992,0.0
-18.160387,1240.0,0.12039708,620.0,61,0.1,0.13391344,0.85311794,0.20620754,0.0
-22.086802,1260.0,0.120327614,630.0,62,0.1,0.13395603,0.8529028,0.20618124,0.0
-15.459196,1280.0,0.12053049,640.0,63,0.0,0.13364567,0.8531084,0.20628999,0.0
-19.556005,1300.0,0.12079669,650.0,64,0.1,0.1334251,0.85317904,0.20649643,0.0
-16.632862,1320.0,0.120992005,660.0,65,0.3,0.1332006,0.85344744,0.20663899,0.0
-18.325542,1340.0,0.121456355,670.0,66,0.2,0.13405555,0.85344964,0.20683172,0.0
-15.990984,1360.0,0.121447146,680.0,67,0.1,0.13382234,0.853694,0.20725834,0.0
-18.87915,1380.0,0.12130828,690.0,68,0.3,0.13341928,0.8539515,0.20742425,0.0
-17.186106,1400.0,0.121333875,700.0,69,0.4,0.1330986,0.85400003,0.2076662,0.0
-15.990873,1420.0,0.121405266,710.0,70,0.0,0.1332023,0.8542745,0.20788133,0.0
-19.629957,1440.0,0.12124875,720.0,71,0.0,0.1330175,0.85431284,0.2079225,0.0
-14.094389,1460.0,0.12114461,730.0,72,0.2,0.13273232,0.8543462,0.2080521,0.0
-13.597219,1480.0,0.12136511,740.0,73,0.1,0.13252507,0.85427016,0.20837443,0.05
-14.817235,1500.0,0.121339895,750.0,74,0.1,0.13231549,0.85425997,0.20868474,0.0
-16.360996,1520.0,0.12151088,760.0,75,0.1,0.13216756,0.85402346,0.20894158,0.0
-15.222204,1540.0,0.12178311,770.0,76,0.2,0.13241304,0.8538725,0.20911698,0.0
-17.282251,1560.0,0.12157327,780.0,77,0.1,0.13227426,0.8538165,0.20931399,0.0
-14.335152,1580.0,0.12177498,790.0,78,0.2,0.13247627,0.85374457,0.20958006,0.0
-14.251775,1600.0,0.1218779,800.0,79,0.2,0.13271873,0.85364604,0.20972802,0.0
-14.35188,1620.0,0.1221949,810.0,80,0.2,0.13318585,0.8537071,0.20988491,0.0
-16.1884,1640.0,0.12222747,820.0,81,0.2,0.13368264,0.85368365,0.20999098,0.0
-15.474256,1660.0,0.12232349,830.0,82,0.2,0.13373055,0.8538893,0.21016529,0.0
-18.304535,1680.0,0.12223766,840.0,83,0.0,0.13346572,0.85389084,0.21031673,0.05
-17.315777,1700.0,0.12198516,850.0,84,0.2,0.13329689,0.85416025,0.21040052,0.0
-8.241998,1720.0,0.12233304,860.0,85,0.7,0.133649,0.85419303,0.21042833,0.15
-14.613607,1740.0,0.122445814,870.0,86,0.3,0.13358246,0.8543202,0.2106432,0.1
-13.40923,1760.0,0.12244011,880.0,87,0.2,0.13351922,0.85441417,0.21075226,0.05
-11.030252,1780.0,0.12250723,890.0,88,0.2,0.13351846,0.85440683,0.21074513,0.05
-15.277817,1800.0,0.12297284,900.0,89,0.3,0.1341386,0.85443646,0.21079512,0.0
-14.550189,1820.0,0.123039134,910.0,90,0.1,0.13424446,0.85461575,0.21087496,0.0
-7.9057894,1840.0,0.123178765,920.0,91,0.2,0.13419597,0.854595,0.21112584,0.05
-10.145845,1860.0,0.12334456,930.0,92,0.4,0.13428046,0.85462713,0.21121806,0.15
-8.516513,1880.0,0.12355866,940.0,93,0.5,0.1343245,0.85466814,0.2113415,0.05
-13.089659,1900.0,0.12366248,950.0,94,0.3,0.13425808,0.8549096,0.21144463,0.15
-8.903008,1920.0,0.12363101,960.0,95,0.7,0.13417292,0.8551083,0.21170038,0.15
-5.6136346,1940.0,0.12374704,970.0,96,0.3,0.13424002,0.855155,0.21188368,0.0
-5.8846493,1960.0,0.123923294,980.0,97,0.6,0.13435878,0.8550909,0.21209772,0.0
-11.252355,1980.0,0.12399998,990.0,98,0.4,0.13416,0.85526776,0.21236658,0.1
-12.525949,2000.0,0.12406412,1000.0,99,0.1,0.13401546,0.85555094,0.21266337,0.2
-12.237566,2020.0,0.12428288,1010.0,100,0.4,0.13401954,0.8556898,0.21269327,0.15
-12.758824,2040.0,0.12438371,1020.0,101,0.5,0.13391824,0.85583425,0.21297666,0.2
-7.65236,2060.0,0.124385156,1030.0,102,0.8,0.13385162,0.85589474,0.2132026,0.25
-9.374173,2080.0,0.1244516,1040.0,103,0.6,0.13378966,0.85595053,0.2133967,0.15
-7.707138,2100.0,0.124604195,1050.0,104,0.7,0.13403146,0.8559678,0.21365683,0.05
-6.9482,2120.0,0.12490512,1060.0,105,1.0,0.13422137,0.85604596,0.21379307,0.05
-7.343951,2140.0,0.12507944,1070.0,106,0.8,0.13412344,0.85620713,0.21403982,0.1
-4.686315,2160.0,0.12530099,1080.0,107,0.6,0.13405196,0.8562214,0.21426083,0.2
-7.699482,2180.0,0.12516576,1090.0,108,0.8,0.13399827,0.8564563,0.21444452,0.25
-7.50281,2200.0,0.1251632,1100.0,109,0.6,0.13435335,0.8565456,0.21473667,0.15
-6.558043,2220.0,0.12519933,1110.0,110,0.9,0.13438302,0.8569147,0.21508825,0.2
-9.607121,2240.0,0.12533881,1120.0,111,0.4,0.13469161,0.8568353,0.21527302,0.1
-7.4364457,2260.0,0.1251811,1130.0,112,0.7,0.13472958,0.8569517,0.21539897,0.1
-9.298236,2280.0,0.12525271,1140.0,113,0.6,0.13471906,0.85711837,0.21557698,0.15
-4.934231,2300.0,0.12521833,1150.0,114,0.8,0.13474998,0.85730594,0.2158456,0.2
-9.158173,2320.0,0.12523311,1160.0,115,0.6,0.1347521,0.8573969,0.21608871,0.15
-6.7181444,2340.0,0.12520812,1170.0,116,0.8,0.13454215,0.8576551,0.21637319,0.2
-3.6917434,2360.0,0.12517251,1180.0,117,1.0,0.13456248,0.85791844,0.2166885,0.4
-3.9023957,2380.0,0.12525931,1190.0,118,1.0,0.13464265,0.85795695,0.21691254,0.25
-4.941285,2400.0,0.1253248,1200.0,119,1.0,0.13446088,0.858026,0.21717316,0.1
-7.5047007,2420.0,0.1256093,1210.0,120,0.5,0.13474435,0.8582652,0.21736607,0.2
-4.0683117,2440.0,0.12570196,1220.0,121,1.0,0.13464151,0.8584311,0.21767315,0.15
-6.0250893,2460.0,0.12563585,1230.0,122,0.9,0.13464935,0.8585891,0.2179255,0.25
-7.548556,2480.0,0.12570554,1240.0,123,0.8,0.13457103,0.858766,0.21816327,0.25
-5.690091,2500.0,0.12576644,1250.0,124,0.8,0.13464397,0.8588442,0.21835852,0.15
-4.3393335,2520.0,0.1259616,1260.0,125,0.9,0.1348022,0.85907334,0.21855973,0.25
-4.352191,2540.0,0.125893,1270.0,126,0.9,0.1345783,0.85926753,0.21881825,0.25
-3.8324952,2560.0,0.12596437,1280.0,127,0.9,0.13463546,0.8592655,0.21903887,0.25
-4.5806093,2580.0,0.12599932,1290.0,128,0.8,0.13456859,0.8594958,0.21935074,0.25
-7.0956717,2600.0,0.12591775,1300.0,129,0.8,0.1345471,0.859802,0.21958594,0.25
-4.3758426,2620.0,0.12589522,1310.0,130,0.6,0.13449462,0.8601072,0.21978226,0.2
-4.0108027,2640.0,0.12575674,1320.0,131,0.9,0.13432874,0.860357,0.22001678,0.35
-3.636129,2660.0,0.12586159,1330.0,132,0.7,0.13434382,0.8605351,0.2202042,0.35
-2.9102366,2680.0,0.12584767,1340.0,133,1.0,0.13437068,0.8607716,0.2204288,0.25
-4.200757,2700.0,0.1259547,1350.0,134,0.8,0.1344061,0.8611458,0.22066554,0.25
-3.3322186,2720.0,0.12608768,1360.0,135,1.0,0.13455427,0.86128896,0.22084211,0.3
-4.0812125,2740.0,0.12609677,1370.0,136,0.6,0.13447984,0.86141753,0.22103518,0.15
-2.6804967,2760.0,0.12617111,1380.0,137,1.0,0.13440017,0.8616953,0.22124419,0.4
-5.525622,2780.0,0.12635642,1390.0,138,0.9,0.13456266,0.8618565,0.22141586,0.3
-3.8516421,2800.0,0.12665972,1400.0,139,0.8,0.13491987,0.8619395,0.22155416,0.15
-4.628992,2820.0,0.126674,1410.0,140,1.0,0.13499756,0.86207914,0.22162542,0.35
-3.7648492,2840.0,0.12674108,1420.0,141,1.0,0.13504893,0.86218506,0.22171511,0.15
-3.73311,2860.0,0.12704103,1430.0,142,1.0,0.13576902,0.8624489,0.22193168,0.4
-5.3468094,2880.0,0.12700109,1440.0,143,0.8,0.13578258,0.86264926,0.22217698,0.35
-2.6831684,2900.0,0.12699044,1450.0,144,1.0,0.13586056,0.8628444,0.2224215,0.25
-4.9134035,2920.0,0.12700729,1460.0,145,0.9,0.13570997,0.8631048,0.22271414,0.15
-3.0598464,2940.0,0.12698041,1470.0,146,1.0,0.13560791,0.86332864,0.22295208,0.35
-3.6747856,2960.0,0.12704587,1480.0,147,0.9,0.13554858,0.8635316,0.22321077,0.15
-2.9061265,2980.0,0.12707226,1490.0,148,0.9,0.13558519,0.8637151,0.22338665,0.3
-2.68922,3000.0,0.12704924,1500.0,149,1.0,0.13557681,0.8638816,0.22359234,0.35
-3.2044778,3020.0,0.12708949,1510.0,150,1.0,0.13558505,0.8639955,0.22373678,0.35
-5.2496805,3040.0,0.127159,1520.0,151,0.7,0.13566113,0.8640909,0.22383507,0.2
-2.8655887,3060.0,0.12720068,1530.0,152,1.0,0.13560195,0.86424655,0.22394364,0.3
-3.5887134,3080.0,0.12722361,1540.0,153,1.0,0.13549732,0.86450547,0.22417714,0.45
-2.8608694,3100.0,0.12722932,1550.0,154,1.0,0.1354447,0.8647134,0.2243478,0.1
-4.140752,3120.0,0.12717439,1560.0,155,0.9,0.13549042,0.8649414,0.22451621,0.3
-3.1549156,3140.0,0.12713063,1570.0,156,1.0,0.13543384,0.8651772,0.22471763,0.15
-4.006839,3160.0,0.12704872,1580.0,157,0.9,0.13532776,0.86546546,0.22494282,0.3
-2.6699977,3180.0,0.12699765,1590.0,158,1.0,0.13526745,0.86570555,0.22517627,0.3
-2.8898673,3200.0,0.12703338,1600.0,159,1.0,0.135203,0.86598057,0.22533138,0.3
-3.7161014,3220.0,0.1271144,1610.0,160,0.9,0.13525648,0.8661874,0.22549734,0.3
-5.4793777,3240.0,0.12717482,1620.0,161,0.8,0.13558358,0.8663125,0.2256195,0.3
-2.5561872,3260.0,0.12722377,1630.0,162,1.0,0.13545832,0.8665263,0.22578253,0.45
-9.44732,3280.0,0.1272922,1640.0,163,0.6,0.13563395,0.866694,0.22590576,0.4
-3.8779743,3300.0,0.12737407,1650.0,164,0.9,0.13573267,0.866873,0.22602628,0.35
-6.0745096,3320.0,0.1272983,1660.0,165,0.8,0.13561322,0.8669831,0.22621061,0.35
-2.910284,3340.0,0.12721452,1670.0,166,1.0,0.13560756,0.86719066,0.22635522,0.4
-2.7616057,3360.0,0.12713094,1680.0,167,1.0,0.1354949,0.86743236,0.22653227,0.25
-6.1049867,3380.0,0.12721235,1690.0,168,0.8,0.13554113,0.8675475,0.2266657,0.25
-3.4798934,3400.0,0.1273403,1700.0,169,0.9,0.1355945,0.8677041,0.2268639,0.2
-2.7603097,3420.0,0.1272886,1710.0,170,1.0,0.13555567,0.86781406,0.22705589,0.55
-3.5767064,3440.0,0.12727392,1720.0,171,1.0,0.13556562,0.8679885,0.22722298,0.25
-3.189262,3460.0,0.12732011,1730.0,172,1.0,0.13549982,0.86819434,0.22742835,0.45
-3.0719886,3480.0,0.12729584,1740.0,173,0.9,0.13550358,0.86820716,0.22756395,0.3
-3.2751346,3500.0,0.12744157,1750.0,174,1.0,0.13553454,0.8682609,0.22767872,0.3
-5.06393,3520.0,0.12745725,1760.0,175,0.7,0.13545851,0.8682969,0.22779042,0.4
-2.9847078,3540.0,0.12736855,1770.0,176,1.0,0.13551366,0.86848956,0.22793551,0.25
-3.0871882,3560.0,0.127311,1780.0,177,1.0,0.13552481,0.86870784,0.22809963,0.3
-6.3559065,3580.0,0.12726165,1790.0,178,0.7,0.13537759,0.86885905,0.22822219,0.3
-8.878427,3600.0,0.1272604,1800.0,179,0.8,0.13534386,0.8688307,0.22827542,0.15
-4.9770546,3620.0,0.1272522,1810.0,180,1.0,0.13531281,0.86887044,0.22840443,0.4
-4.760098,3640.0,0.12733798,1820.0,181,1.0,0.1353402,0.868974,0.22855845,0.45
-4.597387,3660.0,0.12731373,1830.0,182,0.9,0.13518964,0.8690563,0.22873697,0.3
-3.3013577,3680.0,0.12741394,1840.0,183,1.0,0.13517462,0.869195,0.22882678,0.25
-5.251565,3700.0,0.12758434,1850.0,184,0.9,0.13523696,0.8692668,0.22883771,0.2
-4.018969,3720.0,0.12754081,1860.0,185,0.9,0.13527925,0.8693166,0.22895016,0.25
-2.9959118,3740.0,0.12746066,1870.0,186,0.8,0.13529307,0.86955434,0.22914498,0.35
-3.5460773,3760.0,0.12752634,1880.0,187,0.9,0.13522066,0.86970764,0.22924107,0.25
-3.9006486,3780.0,0.12757076,1890.0,188,0.7,0.13519889,0.8698183,0.2292874,0.25
-3.0101342,3800.0,0.12757258,1900.0,189,1.0,0.1353091,0.8700137,0.22941966,0.45
-3.003097,3820.0,0.12751473,1910.0,190,1.0,0.13529176,0.8700919,0.22953485,0.35
-3.2279525,3840.0,0.12748206,1920.0,191,1.0,0.1353594,0.8701802,0.22964478,0.3
-3.7628655,3860.0,0.12740785,1930.0,192,1.0,0.13543539,0.87038285,0.22981656,0.4
-3.679914,3880.0,0.127367,1940.0,193,1.0,0.13539416,0.8706134,0.22995201,0.2
-5.1855536,3900.0,0.12736018,1950.0,194,0.4,0.13528375,0.87072253,0.23002511,0.45
-3.4404285,3920.0,0.1273919,1960.0,195,1.0,0.13539504,0.87064904,0.23010767,0.25
-2.9674294,3940.0,0.12738901,1970.0,196,0.9,0.1353005,0.87070686,0.2302325,0.25
-3.4231067,3960.0,0.12740205,1980.0,197,1.0,0.13522804,0.8708492,0.23041743,0.45
-2.4615247,3980.0,0.12733461,1990.0,198,1.0,0.13513148,0.8710365,0.23053782,0.3
-7.253989,4000.0,0.12739415,2000.0,199,0.7,0.13513757,0.8711574,0.23065071,0.2
-2.90766,4020.0,0.12728941,2010.0,200,1.0,0.13506067,0.87133956,0.23082374,0.5
-4.8400297,4040.0,0.12735158,2020.0,201,0.9,0.13518113,0.87145096,0.23091471,0.15
-2.727915,4060.0,0.12728918,2030.0,202,0.9,0.13509321,0.87169117,0.23103191,0.35
-3.934124,4080.0,0.12739317,2040.0,203,0.9,0.13516746,0.87176925,0.23110807,0.35
-2.9633415,4100.0,0.12735808,2050.0,204,1.0,0.13510495,0.87184125,0.2311874,0.3
-3.0748029,4120.0,0.12730512,2060.0,205,0.9,0.13499427,0.8719825,0.23131777,0.3
-4.335898,4140.0,0.12733671,2070.0,206,1.0,0.13497873,0.8721223,0.2314423,0.25
-4.809643,4160.0,0.12734616,2080.0,207,0.8,0.13500871,0.87225294,0.23154993,0.2
-3.5098743,4180.0,0.12733325,2090.0,208,0.9,0.13496608,0.8723524,0.23167044,0.35
-4.1807666,4200.0,0.12734725,2100.0,209,0.8,0.13497175,0.87237126,0.23171969,0.25
-3.0522256,4220.0,0.1274387,2110.0,210,1.0,0.1349688,0.87247807,0.23182835,0.25
-3.964066,4240.0,0.12738852,2120.0,211,1.0,0.13491572,0.8726065,0.23194608,0.3
-2.6454394,4260.0,0.12729679,2130.0,212,1.0,0.13479543,0.87270993,0.23207313,0.45
-2.5662978,4280.0,0.12729627,2140.0,213,1.0,0.13479652,0.87288904,0.23219135,0.55
-4.373287,4300.0,0.12722264,2150.0,214,0.9,0.13466848,0.87293077,0.23227537,0.4
-3.4945302,4320.0,0.12725903,2160.0,215,0.7,0.13473529,0.8730402,0.23234744,0.3
-2.414564,4340.0,0.12735906,2170.0,216,0.9,0.1348206,0.8731241,0.23240295,0.25
-4.67719,4360.0,0.12741598,2180.0,217,0.9,0.13487417,0.8731732,0.23248209,0.25
-2.881995,4380.0,0.12743875,2190.0,218,1.0,0.13479187,0.8733282,0.23259795,0.5
-2.5849361,4400.0,0.12743066,2200.0,219,1.0,0.13483393,0.8733661,0.23271756,0.15
-6.202149,4420.0,0.12736087,2210.0,220,0.8,0.13480228,0.8735241,0.23284978,0.6
-2.687968,4440.0,0.12730776,2220.0,221,1.0,0.13477287,0.8736081,0.23291391,0.25
-2.5863662,4460.0,0.12729524,2230.0,222,1.0,0.13467634,0.87366915,0.23301372,0.25
-2.8421779,4480.0,0.12725657,2240.0,223,1.0,0.13460164,0.87375635,0.233096,0.25
-5.9243,4500.0,0.12717396,2250.0,224,0.9,0.13448441,0.87378985,0.23321208,0.35
-3.1317065,4520.0,0.12709445,2260.0,225,1.0,0.13442348,0.87391806,0.23332275,0.4
-4.618093,4540.0,0.12705112,2270.0,226,1.0,0.13438101,0.87395096,0.23343141,0.4
-3.385416,4560.0,0.12705225,2280.0,227,0.9,0.1343412,0.8740316,0.23353295,0.25
-3.8833165,4580.0,0.12704533,2290.0,228,0.9,0.13435824,0.87404794,0.2335808,0.3
-3.0192647,4600.0,0.12702852,2300.0,229,1.0,0.13445203,0.8741593,0.23369198,0.2
-2.4094586,4620.0,0.12697929,2310.0,230,1.0,0.13433187,0.87426335,0.23380652,0.3
-3.005062,4640.0,0.12693584,2320.0,231,1.0,0.13426638,0.8744058,0.23391329,0.45
-2.1986241,4660.0,0.12695138,2330.0,232,1.0,0.13437028,0.87455064,0.23398216,0.35
-2.3545535,4680.0,0.12694949,2340.0,233,1.0,0.13430806,0.87467146,0.23409592,0.4
-2.9629757,4700.0,0.12699752,2350.0,234,1.0,0.1344101,0.8747246,0.23420782,0.3
-3.756963,4720.0,0.12694521,2360.0,235,0.9,0.13434182,0.87480205,0.23431453,0.25
-2.1695952,4740.0,0.1270116,2370.0,236,1.0,0.13435309,0.8748949,0.23431553,0.2
-3.3520122,4760.0,0.12695488,2380.0,237,0.9,0.13428365,0.87499976,0.23439194,0.25
-2.4406576,4780.0,0.12691036,2390.0,238,0.8,0.13423787,0.8751244,0.23449263,0.5
-2.5691743,4800.0,0.12694964,2400.0,239,1.0,0.13434927,0.8752003,0.23458463,0.25
-6.1649594,4820.0,0.12703528,2410.0,240,0.9,0.134448,0.87522435,0.23466225,0.45
-2.626009,4840.0,0.12702307,2420.0,241,1.0,0.13457109,0.8752613,0.23470454,0.3
-5.0054216,4860.0,0.1270088,2430.0,242,0.7,0.13454805,0.875308,0.23474611,0.3
-2.793051,4880.0,0.1270796,2440.0,243,1.0,0.13456911,0.87537724,0.23478806,0.2
-2.1430023,4900.0,0.12708254,2450.0,244,1.0,0.13455741,0.87546045,0.23484944,0.25
-2.4109662,4920.0,0.12715659,2460.0,245,1.0,0.1348468,0.87556976,0.23496361,0.15
-2.928382,4940.0,0.12716949,2470.0,246,1.0,0.13483107,0.8756645,0.2350446,0.3
-2.360292,4960.0,0.12710263,2480.0,247,0.9,0.13472629,0.8756687,0.23511916,0.35
-2.2548952,4980.0,0.1270592,2490.0,248,1.0,0.13466358,0.8758223,0.23521341,0.4
-2.2838182,5000.0,0.12705047,2500.0,249,1.0,0.13468273,0.8758262,0.2352919,0.35
-4.563031,5020.0,0.12710369,2510.0,250,1.0,0.13465023,0.87595373,0.23534675,0.4
-2.7548628,5040.0,0.12713224,2520.0,251,0.8,0.13469149,0.87605333,0.23539123,0.2
-2.283704,5060.0,0.12716915,2530.0,252,1.0,0.13474394,0.87616825,0.23546496,0.3
-2.7338238,5080.0,0.12709107,2540.0,253,1.0,0.1346959,0.8763134,0.2355686,0.35
-2.1762233,5100.0,0.12707132,2550.0,254,1.0,0.1347477,0.87639856,0.23564774,0.35
-2.0869389,5120.0,0.12702274,2560.0,255,1.0,0.13466568,0.8765176,0.2357269,0.4
-4.170798,5140.0,0.12706143,2570.0,256,0.7,0.13456292,0.87656546,0.23578738,0.25
-2.986321,5160.0,0.12702419,2580.0,257,0.9,0.1345083,0.8766286,0.23586053,0.1
-3.6056259,5180.0,0.12697911,2590.0,258,1.0,0.13442121,0.8766651,0.23592454,0.45
-2.9324079,5200.0,0.1269315,2600.0,259,1.0,0.1344267,0.8767672,0.23597565,0.25
-4.374976,5220.0,0.12686521,2610.0,260,0.8,0.13432682,0.87686604,0.23606402,0.65
-2.892737,5240.0,0.12690572,2620.0,261,1.0,0.13439098,0.8769851,0.23613925,0.25
-2.4975543,5260.0,0.12690783,2630.0,262,0.9,0.13442092,0.87710947,0.23623544,0.35
-2.3236582,5280.0,0.12699683,2640.0,263,1.0,0.13451232,0.8772251,0.23629299,0.25
-2.6872804,5300.0,0.12702003,2650.0,264,1.0,0.13449274,0.877269,0.23636544,0.3
-2.7271037,5320.0,0.12697078,2660.0,265,1.0,0.13444392,0.87727857,0.23645549,0.2
-2.9427829,5340.0,0.12699923,2670.0,266,1.0,0.13445644,0.8773263,0.23648968,0.15
-2.7839224,5360.0,0.12697884,2680.0,267,1.0,0.1344537,0.8774356,0.2365217,0.4
-4.5479007,5380.0,0.12687884,2690.0,268,0.9,0.13435185,0.87752295,0.2366096,0.55
-2.769497,5400.0,0.1268764,2700.0,269,1.0,0.13431378,0.8776138,0.23663664,0.4
-2.2830117,5420.0,0.12687385,2710.0,270,1.0,0.13434209,0.8776863,0.2366904,0.3
-2.8054242,5440.0,0.12685631,2720.0,271,1.0,0.13431971,0.8777533,0.23672266,0.3
-2.6452832,5460.0,0.12680076,2730.0,272,1.0,0.13424309,0.8778248,0.23678784,0.4
-4.492033,5480.0,0.12674256,2740.0,273,0.8,0.13417359,0.87794256,0.23686437,0.3
-2.5970597,5500.0,0.12671642,2750.0,274,1.0,0.13411532,0.8780547,0.2369521,0.1
-2.554106,5520.0,0.12664995,2760.0,275,1.0,0.13403243,0.87811977,0.23702253,0.35
-2.113312,5540.0,0.12664293,2770.0,276,1.0,0.13402034,0.8781812,0.23707043,0.2
-2.8600714,5560.0,0.12661871,2780.0,277,1.0,0.13403647,0.87823135,0.2371025,0.2
-2.807773,5580.0,0.1265513,2790.0,278,1.0,0.13394995,0.8782677,0.23714441,0.3
-2.6871843,5600.0,0.12649329,2800.0,279,1.0,0.13387664,0.87833935,0.23719986,0.2
-3.5898576,5620.0,0.1264885,2810.0,280,0.8,0.13381203,0.8784013,0.23723446,0.4
-2.4265695,5640.0,0.1265195,2820.0,281,1.0,0.13385138,0.87839633,0.23731199,0.35
-3.1977112,5660.0,0.12647474,2830.0,282,1.0,0.1337529,0.8784451,0.23736662,0.4
-3.1767108,5680.0,0.12651539,2840.0,283,0.8,0.1337675,0.87845486,0.23736677,0.2
-3.046535,5700.0,0.12654372,2850.0,284,0.9,0.13379228,0.8785221,0.23745115,0.45
-2.5187151,5720.0,0.12654199,2860.0,285,0.9,0.13382377,0.8785918,0.23752075,0.3
-3.055923,5740.0,0.12648304,2870.0,286,1.0,0.1338078,0.87857,0.2375719,0.2
-7.0740037,5760.0,0.1264383,2880.0,287,0.9,0.13378517,0.8785983,0.23759595,0.15
-2.513663,5780.0,0.12645055,2890.0,288,0.9,0.13379984,0.87864083,0.23761539,0.2
-3.2969544,5800.0,0.12640472,2900.0,289,0.9,0.13372988,0.8786786,0.23766625,0.45
-5.7829742,5820.0,0.12637156,2910.0,290,0.9,0.13363104,0.8786886,0.23773086,0.5
-2.8751063,5840.0,0.12641339,2920.0,291,0.9,0.1336668,0.87878495,0.23779963,0.35
-3.6140926,5860.0,0.12639435,2930.0,292,0.8,0.1335649,0.8788211,0.23786063,0.15
-3.2687404,5880.0,0.12634535,2940.0,293,1.0,0.13348755,0.87887794,0.23789889,0.25
-2.5630813,5900.0,0.12630051,2950.0,294,1.0,0.13341367,0.8789754,0.23794955,0.2
-3.7340903,5920.0,0.12625462,2960.0,295,1.0,0.13331564,0.8789787,0.23797065,0.4
-4.637462,5940.0,0.12620594,2970.0,296,0.9,0.13323654,0.8789902,0.23799068,0.5
-2.8087726,5960.0,0.12614657,2980.0,297,1.0,0.13315731,0.8790439,0.23802894,0.2
-3.23695,5980.0,0.12610362,2990.0,298,1.0,0.13312589,0.87906235,0.23805133,0.2
-2.7980235,6000.0,0.12610489,3000.0,299,1.0,0.13304397,0.8791258,0.23813061,0.2
-2.6996148,6020.0,0.12611662,3010.0,300,1.0,0.13300064,0.8791519,0.23818474,0.35
-3.2028403,6040.0,0.12609272,3020.0,301,0.8,0.13300475,0.8792405,0.23821516,0.3
-2.4002595,6060.0,0.12608258,3030.0,302,1.0,0.1329873,0.87934166,0.23826899,0.15
-3.4298816,6080.0,0.12603073,3040.0,303,0.9,0.13291878,0.8793769,0.23832193,0.3
-3.1524024,6100.0,0.12600352,3050.0,304,1.0,0.13291228,0.8794918,0.23834911,0.3
-3.289579,6120.0,0.12600012,3060.0,305,0.9,0.13291238,0.8795576,0.2384031,0.4
-2.2007146,6140.0,0.12605767,3070.0,306,1.0,0.13289855,0.87958604,0.23844892,0.2
-3.2227,6160.0,0.12604612,3080.0,307,1.0,0.132868,0.8796206,0.23850387,0.3
-2.900849,6180.0,0.12602715,3090.0,308,1.0,0.13286746,0.87971765,0.23852769,0.3
-3.0080922,6200.0,0.12604809,3100.0,309,1.0,0.13277315,0.8797872,0.23855613,0.15
-3.6862042,6220.0,0.12621753,3110.0,310,1.0,0.13291217,0.8798085,0.23854615,0.25
-2.8411412,6240.0,0.12627484,3120.0,311,1.0,0.13291071,0.8798829,0.23857227,0.1
-3.6432774,6260.0,0.12631159,3130.0,312,0.9,0.13299179,0.8799178,0.23855688,0.3
-3.1483953,6280.0,0.1263085,3140.0,313,1.0,0.13296701,0.8799568,0.23857051,0.25
-6.5964355,6300.0,0.12628046,3150.0,314,0.9,0.13289236,0.88000435,0.23858131,0.2
-2.356266,6320.0,0.12634529,3160.0,315,1.0,0.13306572,0.8799846,0.23861744,0.3
-8.41011,6340.0,0.12637578,3170.0,316,0.7,0.13305123,0.8800209,0.23864827,0.15
-4.324029,6360.0,0.12638962,3180.0,317,1.0,0.13298844,0.88006836,0.23864883,0.3
-2.5360627,6380.0,0.12647395,3190.0,318,1.0,0.13299513,0.88011783,0.23859863,0.25
-3.3193176,6400.0,0.12646613,3200.0,319,1.0,0.13299668,0.8801659,0.23864439,0.35
-6.803038,6420.0,0.12641618,3210.0,320,0.8,0.13292272,0.88014776,0.23866576,0.4
-2.7451844,6440.0,0.12645482,3220.0,321,1.0,0.13299447,0.88019323,0.23869264,0.35
-4.4652863,6460.0,0.12645592,3230.0,322,0.8,0.1330309,0.8802565,0.23874466,0.15
-3.7767956,6480.0,0.12639733,3240.0,323,0.9,0.13299757,0.88032246,0.23877268,0.3
-3.065834,6500.0,0.12636442,3250.0,324,1.0,0.13301076,0.88037294,0.23880062,0.35
-3.726057,6520.0,0.12636596,3260.0,325,0.9,0.13302968,0.8804409,0.2388384,0.05
-3.1825142,6540.0,0.12640886,3270.0,326,1.0,0.13302423,0.88048863,0.23885675,0.3
-2.574326,6560.0,0.12637743,3280.0,327,1.0,0.13294725,0.8804949,0.23887196,0.45
-2.4332786,6580.0,0.1263805,3290.0,328,1.0,0.13293941,0.8804674,0.23886073,0.25
-2.9150426,6600.0,0.12636805,3300.0,329,1.0,0.1329542,0.8804558,0.23883179,0.15
-2.5707595,6620.0,0.12633717,3310.0,330,0.9,0.1329136,0.88047886,0.23885229,0.35
-3.9938552,6640.0,0.12633686,3320.0,331,0.8,0.13293031,0.8804675,0.23888215,0.15
-3.5129294,6660.0,0.12631519,3330.0,332,0.9,0.13292374,0.8804817,0.23895149,0.3
-3.7260876,6680.0,0.1263242,3340.0,333,0.9,0.13289058,0.880562,0.23899694,0.3
-4.7797484,6700.0,0.12630929,3350.0,334,0.9,0.13288628,0.8806138,0.23899958,0.15
-2.6070247,6720.0,0.12625107,3360.0,335,1.0,0.13279422,0.88064814,0.23902906,0.2
-2.4089375,6740.0,0.12621444,3370.0,336,1.0,0.13273907,0.8807207,0.23906443,0.2
-2.0647476,6760.0,0.12616694,3380.0,337,1.0,0.13271178,0.88077545,0.2390907,0.15
-2.8901014,6780.0,0.12616391,3390.0,338,0.9,0.13268383,0.88079053,0.23911783,0.45
-4.4833074,6800.0,0.12610902,3400.0,339,0.7,0.13263655,0.88086313,0.23915075,0.4
-3.430479,6820.0,0.12613249,3410.0,340,0.7,0.13270156,0.8808721,0.23914255,0.15
-2.718088,6840.0,0.12607068,3420.0,341,1.0,0.13266723,0.88098377,0.23917218,0.3
-2.8590822,6860.0,0.12605019,3430.0,342,1.0,0.13259687,0.88102883,0.23919024,0.35
-3.9380467,6880.0,0.12596436,3440.0,343,1.0,0.13255692,0.88103825,0.23919798,0.55
-4.7236605,6900.0,0.12595925,3450.0,344,0.8,0.13254023,0.8810361,0.23920727,0.15
-4.87341,6920.0,0.12589926,3460.0,345,0.7,0.13248807,0.88112426,0.23922902,0.35
-3.0352597,6940.0,0.12589861,3470.0,346,1.0,0.13249774,0.8811118,0.23921075,0.25
-3.5173035,6960.0,0.12587984,3480.0,347,0.9,0.1324195,0.8811955,0.23926318,0.45
-2.3882766,6980.0,0.12582693,3490.0,348,1.0,0.1323886,0.8811927,0.23929128,0.5
-3.5043805,7000.0,0.12579449,3500.0,349,1.0,0.1323329,0.8812457,0.23928718,0.25
-2.5706174,7020.0,0.12571874,3510.0,350,1.0,0.13227528,0.8812521,0.23927732,0.2
-2.3867626,7040.0,0.12570377,3520.0,351,1.0,0.13227685,0.8813594,0.2393144,0.25
-4.4840736,7060.0,0.12567821,3530.0,352,0.9,0.13221897,0.8814239,0.23933399,0.3
-2.8660626,7080.0,0.1255957,3540.0,353,1.0,0.13214995,0.88147473,0.23932496,0.25
-3.3296738,7100.0,0.12563063,3550.0,354,1.0,0.13216074,0.8815412,0.2393586,0.15
-3.5722039,7120.0,0.1255905,3560.0,355,0.9,0.13210684,0.8815277,0.23936503,0.25
-3.0640366,7140.0,0.12561162,3570.0,356,1.0,0.13216814,0.8815504,0.23936053,0.25
-3.1138854,7160.0,0.12562141,3580.0,357,0.8,0.13213499,0.88157916,0.2393854,0.2
-2.6142046,7180.0,0.12562451,3590.0,358,1.0,0.13212818,0.88159037,0.23941794,0.3
-1.7733049,7200.0,0.12561867,3600.0,359,1.0,0.13209856,0.8816299,0.23944955,0.1
-3.3595421,7220.0,0.12563734,3610.0,360,1.0,0.13209553,0.88163453,0.23944588,0.3
-2.6805556,7240.0,0.12559406,3620.0,361,0.9,0.13204648,0.881694,0.23949131,0.4
-2.6403759,7260.0,0.1255681,3630.0,362,0.9,0.13198473,0.8817219,0.2395486,0.25
-3.4496994,7280.0,0.12555692,3640.0,363,1.0,0.1319623,0.8817714,0.23957326,0.3
-1.7698101,7300.0,0.12557039,3650.0,364,1.0,0.13197725,0.88180685,0.23960006,0.1
-2.7647812,7320.0,0.12554623,3660.0,365,1.0,0.13191356,0.8818186,0.23960155,0.2
-2.1554809,7340.0,0.12558489,3670.0,366,1.0,0.13189505,0.88183993,0.23959774,0.35
-4.28226,7360.0,0.12555246,3680.0,367,0.8,0.13188338,0.88187367,0.23960806,0.25
-3.0482967,7380.0,0.1255768,3690.0,368,1.0,0.13190317,0.8818819,0.23957326,0.2
-3.228089,7400.0,0.12556182,3700.0,369,1.0,0.13189252,0.88190395,0.23959416,0.2
-4.748405,7420.0,0.12557228,3710.0,370,0.9,0.13185912,0.8818851,0.23960374,0.2
-2.560993,7440.0,0.12551944,3720.0,371,0.9,0.13182805,0.8819325,0.23962913,0.45
-2.500528,7460.0,0.12553276,3730.0,372,1.0,0.13182494,0.88199824,0.2396567,0.25
-3.6483428,7480.0,0.12553595,3740.0,373,1.0,0.13183813,0.88196087,0.23967505,0.35
-3.2164912,7500.0,0.12549205,3750.0,374,0.8,0.13182873,0.8819804,0.23970787,0.25
-2.4094028,7520.0,0.12546746,3760.0,375,0.9,0.13182478,0.88196945,0.23971972,0.25
-2.612431,7540.0,0.12541933,3770.0,376,1.0,0.13178363,0.8819936,0.23976393,0.3
-5.7549906,7560.0,0.12538274,3780.0,377,0.8,0.1317299,0.88201874,0.23977427,0.2
-4.1902027,7580.0,0.1253477,3790.0,378,0.9,0.13166927,0.8820591,0.23976894,0.45
-2.8356733,7600.0,0.12528665,3800.0,379,1.0,0.13168551,0.8820768,0.23977512,0.4
-3.7703443,7620.0,0.12527247,3810.0,380,0.9,0.13166265,0.8821087,0.23974018,0.05
-1.7185919,7640.0,0.12524585,3820.0,381,1.0,0.13158453,0.88209814,0.23974611,0.3
-2.59425,7660.0,0.12520428,3830.0,382,1.0,0.13152267,0.88212514,0.23976913,0.15
-2.7301414,7680.0,0.12522663,3840.0,383,1.0,0.13151957,0.88212353,0.23975623,0.2
-2.9636502,7700.0,0.12531777,3850.0,384,0.9,0.13157685,0.88212425,0.23976864,0.1
-4.387204,7720.0,0.1253409,3860.0,385,1.0,0.13154267,0.882165,0.23976737,0.25
-6.958407,7740.0,0.1253226,3870.0,386,0.8,0.13156964,0.8821817,0.23976417,0.05
-6.8116508,7760.0,0.12531146,3880.0,387,0.9,0.13157123,0.88219357,0.23975772,0.1
-2.550271,7780.0,0.12527788,3890.0,388,1.0,0.13155288,0.88217497,0.2397646,0.3
-3.6725903,7800.0,0.12525441,3900.0,389,0.9,0.13149796,0.8821605,0.23974873,0.15
-3.0857234,7820.0,0.1252337,3910.0,390,1.0,0.13148183,0.8821518,0.23971449,0.2
-2.3218741,7840.0,0.12517746,3920.0,391,0.9,0.13141178,0.8821896,0.23973078,0.45
-1.9699326,7860.0,0.12520641,3930.0,392,1.0,0.13144755,0.8822107,0.23973703,0.2
-2.2148836,7880.0,0.12518935,3940.0,393,1.0,0.13141449,0.88226527,0.23974131,0.2
-2.857728,7900.0,0.12515661,3950.0,394,1.0,0.13137111,0.88232917,0.23978008,0.2
-2.2697911,7920.0,0.12513086,3960.0,395,1.0,0.13132088,0.882392,0.23980482,0.4
-2.5422852,7940.0,0.12510669,3970.0,396,0.9,0.13129957,0.8824196,0.23979439,0.1
-2.7116895,7960.0,0.12510186,3980.0,397,1.0,0.131279,0.8824177,0.23976976,0.2
-2.7400582,7980.0,0.1250951,3990.0,398,1.0,0.13130175,0.8824506,0.2397942,0.25
-2.8709161,8000.0,0.12507103,4000.0,399,1.0,0.13127728,0.8824794,0.23980518,0.2
-2.9619224,8020.0,0.12504992,4010.0,400,1.0,0.13125958,0.88252467,0.23978677,0.3
-3.8511863,8040.0,0.1250756,4020.0,401,1.0,0.13134281,0.8825252,0.23977686,0.2
-4.200154,8060.0,0.12508073,4030.0,402,0.9,0.1313142,0.882543,0.23974112,0.3
-2.874992,8080.0,0.12511262,4040.0,403,0.9,0.13144106,0.88252956,0.23973143,0.15
-3.453476,8100.0,0.125087,4050.0,404,0.9,0.13143292,0.8825814,0.23972028,0.2
-3.9835536,8120.0,0.12504064,4060.0,405,0.9,0.13141118,0.8826665,0.23974752,0.35
-2.761598,8140.0,0.1250021,4070.0,406,1.0,0.131363,0.88267493,0.2397409,0.25
-2.109503,8160.0,0.12502849,4080.0,407,1.0,0.13136005,0.88272434,0.23975858,0.15
-3.082568,8180.0,0.12505703,4090.0,408,1.0,0.1313745,0.8827668,0.23977141,0.25
-2.1163876,8200.0,0.12502299,4100.0,409,1.0,0.13131352,0.8828328,0.23978041,0.3
-2.2483172,8220.0,0.12500961,4110.0,410,1.0,0.13127218,0.88284564,0.23976938,0.35
-3.4109921,8240.0,0.12502344,4120.0,411,0.9,0.13127418,0.8828482,0.23973548,0.15
-2.7143378,8260.0,0.12499703,4130.0,412,1.0,0.13122617,0.8828423,0.23971665,0.3
-3.8437781,8280.0,0.12496557,4140.0,413,0.9,0.13114984,0.8828769,0.23970075,0.25
-3.6829739,8300.0,0.12492031,4150.0,414,1.0,0.131107,0.88291985,0.23967963,0.25
-3.3007157,8320.0,0.12490307,4160.0,415,0.9,0.13106062,0.88294524,0.23968719,0.3
-2.4908109,8340.0,0.12485775,4170.0,416,1.0,0.13102637,0.88293105,0.2396549,0.4
-1.9213111,8360.0,0.124835394,4180.0,417,1.0,0.13099493,0.88293153,0.2396554,0.4
-2.4762552,8380.0,0.12479452,4190.0,418,1.0,0.13095532,0.8829396,0.23964855,0.4
-3.2955604,8400.0,0.12476882,4200.0,419,1.0,0.1309521,0.88297653,0.23965561,0.2
-2.6853604,8420.0,0.12475736,4210.0,420,1.0,0.13091098,0.8829947,0.2396318,0.35
-1.922047,8440.0,0.12474166,4220.0,421,0.9,0.13087517,0.8830082,0.23964253,0.3
-3.4341946,8460.0,0.124752894,4230.0,422,1.0,0.13086165,0.8830128,0.23962592,0.25
-3.0260677,8480.0,0.12474376,4240.0,423,0.9,0.13084076,0.8829934,0.239611,0.15
-2.5767186,8500.0,0.12477173,4250.0,424,0.9,0.13088769,0.8830187,0.23960266,0.2
-3.2815495,8520.0,0.124766044,4260.0,425,1.0,0.1308872,0.883001,0.2395912,0.2
-2.6044521,8540.0,0.12470906,4270.0,426,1.0,0.13084386,0.8830385,0.23958923,0.3
-3.054552,8560.0,0.124646865,4280.0,427,1.0,0.13078539,0.8830452,0.23958167,0.25
-2.5916672,8580.0,0.12465754,4290.0,428,1.0,0.13082731,0.8830902,0.23958057,0.2
-2.0565019,8600.0,0.12465681,4300.0,429,0.9,0.130807,0.88310796,0.23956074,0.4
-2.204108,8620.0,0.124661505,4310.0,430,1.0,0.1307841,0.88310605,0.23956476,0.3
-2.3459206,8640.0,0.12469287,4320.0,431,1.0,0.13079521,0.88311404,0.23954488,0.25
-2.2952378,8660.0,0.12467633,4330.0,432,1.0,0.13073856,0.8831308,0.23955782,0.3
-3.297062,8680.0,0.12463869,4340.0,433,0.9,0.13070194,0.883127,0.23954794,0.2
-2.9532075,8700.0,0.12463158,4350.0,434,1.0,0.13064857,0.8831087,0.23953004,0.25
-2.1551752,8720.0,0.12460234,4360.0,435,1.0,0.13059242,0.8831312,0.23953201,0.25
-4.9968863,8740.0,0.12455698,4370.0,436,0.8,0.13054423,0.88313174,0.23950134,0.2
-2.0996027,8760.0,0.12457636,4380.0,437,0.9,0.13049875,0.8831294,0.23949215,0.2
-2.2027478,8780.0,0.12455967,4390.0,438,1.0,0.13043939,0.88314676,0.23947966,0.15
-5.3528786,8800.0,0.124543495,4400.0,439,0.8,0.1304696,0.88315195,0.23948792,0.25
-2.3061774,8820.0,0.12456595,4410.0,440,1.0,0.13052328,0.88310456,0.23944332,0.25
-2.5019767,8840.0,0.124623336,4420.0,441,1.0,0.1305231,0.88309497,0.23945467,0.1
-2.6444583,8860.0,0.124585584,4430.0,442,1.0,0.13047849,0.88311785,0.23945476,0.2
-1.8200428,8880.0,0.12456503,4440.0,443,1.0,0.13050713,0.8832031,0.23946851,0.2
-2.6872222,8900.0,0.124519646,4450.0,444,0.9,0.13046016,0.88327473,0.23947874,0.25
-2.614237,8920.0,0.1245244,4460.0,445,0.9,0.13041721,0.8833172,0.23946361,0.15
-2.8434932,8940.0,0.12452549,4470.0,446,0.9,0.130394,0.88333446,0.23946427,0.25
-1.986591,8960.0,0.12451321,4480.0,447,1.0,0.13036281,0.8833553,0.23944539,0.4
-2.209477,8980.0,0.124478474,4490.0,448,1.0,0.13030148,0.88337404,0.23944092,0.15
-2.6940868,9000.0,0.124434195,4500.0,449,1.0,0.13029158,0.88339156,0.23942335,0.35
-2.426058,9020.0,0.12441532,4510.0,450,1.0,0.13025624,0.8833947,0.23939627,0.1
-3.4148488,9040.0,0.12439435,4520.0,451,0.8,0.13021283,0.88337606,0.23936898,0.15
-3.2235134,9060.0,0.12438633,4530.0,452,1.0,0.13018942,0.8834226,0.2393675,0.2
-1.7084211,9080.0,0.12433982,4540.0,453,0.9,0.13013272,0.88341904,0.23935698,0.4
-2.0895438,9100.0,0.12432899,4550.0,454,1.0,0.13011537,0.88344735,0.23932327,0.3
-5.2218885,9120.0,0.12433171,4560.0,455,0.7,0.13016325,0.88351685,0.23931533,0.25
-2.779005,9140.0,0.12432539,4570.0,456,0.8,0.1301588,0.88349223,0.23929152,0.2
-2.3248096,9160.0,0.12428947,4580.0,457,1.0,0.13011236,0.883543,0.23930685,0.15
-2.2672565,9180.0,0.12431548,4590.0,458,0.8,0.13006532,0.88355666,0.23927152,0.35
-4.333612,9200.0,0.12435861,4600.0,459,0.9,0.13007925,0.88356394,0.23925266,0.35
-2.3010633,9220.0,0.12437944,4610.0,460,1.0,0.13007477,0.88354653,0.23922728,0.25
-2.1817474,9240.0,0.12437563,4620.0,461,1.0,0.13011387,0.88356304,0.23921959,0.2
-3.0961485,9260.0,0.1243779,4630.0,462,0.9,0.13007091,0.8835628,0.23916149,0.3
-2.1471832,9280.0,0.12437605,4640.0,463,0.9,0.13007413,0.8835586,0.23914717,0.5
-3.7387931,9300.0,0.124385044,4650.0,464,0.9,0.1300661,0.88359004,0.23912074,0.15
-2.3663445,9320.0,0.12437865,4660.0,465,1.0,0.13006936,0.8835743,0.23911192,0.35
-6.325815,9340.0,0.12434969,4670.0,466,0.9,0.13005567,0.88361645,0.23910224,0.2
-2.9967265,9360.0,0.12441343,4680.0,467,0.9,0.13014674,0.8836344,0.2391019,0.25
-3.8831246,9380.0,0.124432996,4690.0,468,1.0,0.13015245,0.8835788,0.23908895,0.2
-2.4158196,9400.0,0.12445095,4700.0,469,1.0,0.13015898,0.88360614,0.23906577,0.3
-3.6540177,9420.0,0.12443741,4710.0,470,1.0,0.13011405,0.88363695,0.23903106,0.4
-2.6874053,9440.0,0.12443011,4720.0,471,1.0,0.1301027,0.8836918,0.23902968,0.25
-3.1453056,9460.0,0.12441836,4730.0,472,0.9,0.13009812,0.88368917,0.23901469,0.15
-2.1313589,9480.0,0.124394685,4740.0,473,1.0,0.13005659,0.88372296,0.23901613,0.35
-4.346452,9500.0,0.124421634,4750.0,474,0.8,0.13004036,0.8837579,0.23901848,0.35
-2.8454032,9520.0,0.12437578,4760.0,475,0.9,0.12998663,0.8837655,0.23898797,0.3
-2.8373718,9540.0,0.12434119,4770.0,476,1.0,0.1299725,0.8837735,0.2389826,0.25
-2.5655158,9560.0,0.124295786,4780.0,477,0.9,0.12991042,0.88375807,0.23897016,0.15
-1.966795,9580.0,0.124264516,4790.0,478,1.0,0.12985279,0.8837783,0.23894577,0.3
-2.2419496,9600.0,0.12423274,4800.0,479,1.0,0.12985091,0.88378286,0.2389534,0.1
-2.496779,9620.0,0.124192,4810.0,480,1.0,0.12983696,0.88378936,0.23894785,0.4
-2.5519693,9640.0,0.12415548,4820.0,481,0.9,0.12979631,0.8838623,0.23894012,0.3
-2.3918223,9660.0,0.1241576,4830.0,482,1.0,0.12977268,0.8838651,0.23892388,0.25
-2.1416976,9680.0,0.12412806,4840.0,483,1.0,0.12973386,0.88386256,0.23891228,0.05
-2.0411155,9700.0,0.12411697,4850.0,484,1.0,0.12972744,0.8838539,0.23889397,0.15
-2.0885844,9720.0,0.12410249,4860.0,485,1.0,0.12970762,0.8838729,0.23888199,0.2
-2.0782483,9740.0,0.124102585,4870.0,486,1.0,0.12967841,0.8838882,0.23884985,0.25
-2.662066,9760.0,0.12409318,4880.0,487,1.0,0.12971365,0.8839264,0.23883024,0.35
-3.835926,9780.0,0.124058954,4890.0,488,1.0,0.12968652,0.8839442,0.2388379,0.25
-2.0176046,9800.0,0.12406304,4900.0,489,1.0,0.12965648,0.8839782,0.23883471,0.2
-8.226407,9820.0,0.124030136,4910.0,490,0.8,0.12960462,0.8839922,0.23881613,0.35
-2.2566562,9840.0,0.12402225,4920.0,491,1.0,0.12963948,0.8840008,0.23880823,0.2
-2.6357331,9860.0,0.12399404,4930.0,492,1.0,0.12964971,0.88399905,0.238826,0.3
-2.0434706,9880.0,0.123997696,4940.0,493,1.0,0.12965256,0.8839914,0.23883505,0.1
-2.43358,9900.0,0.12404463,4950.0,494,1.0,0.12968282,0.88395673,0.23878618,0.1
-2.0389714,9920.0,0.12403567,4960.0,495,1.0,0.12966675,0.8839472,0.23876081,0.15
-2.5502882,9940.0,0.124059856,4970.0,496,1.0,0.12969367,0.8839059,0.2387427,0.25
-3.8837724,9960.0,0.12404603,4980.0,497,0.9,0.12966454,0.8839235,0.23875432,0.2
-2.4086556,9980.0,0.12400833,4990.0,498,1.0,0.12961988,0.883938,0.23871773,0.25
-1.89345,10000.0,0.124030955,5000.0,499,1.0,0.12959285,0.88395125,0.23872674,0.1
-1.9590439,10020.0,0.12403781,5010.0,500,1.0,0.12957865,0.8839628,0.23873296,0.15
-2.457023,10040.0,0.12406393,5020.0,501,1.0,0.12960128,0.88401634,0.23871733,0.1
-4.2812934,10060.0,0.12407595,5030.0,502,0.8,0.12956637,0.8840318,0.23868679,0.15
-2.797731,10080.0,0.124041796,5040.0,503,1.0,0.12953077,0.8840523,0.23866306,0.25
-2.863325,10100.0,0.12402559,5050.0,504,0.9,0.12951861,0.8840515,0.2386592,0.1
-4.466732,10120.0,0.1239733,5060.0,505,0.9,0.12946115,0.88409835,0.23865773,0.25
-2.5946393,10140.0,0.12403461,5070.0,506,0.9,0.12950207,0.884123,0.2386365,0.15
-2.2503781,10160.0,0.12402177,5080.0,507,1.0,0.12945141,0.88412637,0.23863104,0.25
-2.441718,10180.0,0.124082804,5090.0,508,1.0,0.12948589,0.8841533,0.23856701,0.4
-5.6170435,10200.0,0.124083884,5100.0,509,0.9,0.12947206,0.88410616,0.2385412,0.25
-2.195522,10220.0,0.12408288,5110.0,510,1.0,0.12945758,0.88409734,0.2385345,0.35
-2.8060496,10240.0,0.12406774,5120.0,511,1.0,0.1294449,0.88412493,0.2385143,0.35
-2.268478,10260.0,0.12405,5130.0,512,1.0,0.12942588,0.88414145,0.23846911,0.35
-1.7754524,10280.0,0.12406615,5140.0,513,1.0,0.12939157,0.88415533,0.23843952,0.25
-3.9371877,10300.0,0.124042,5150.0,514,1.0,0.12935527,0.88416976,0.2384425,0.2
-2.7304406,10320.0,0.12401958,5160.0,515,1.0,0.12935093,0.8842004,0.23843887,0.3
-3.6094506,10340.0,0.12400906,5170.0,516,0.8,0.1293621,0.8842327,0.23840693,0.45
-2.3693478,10360.0,0.123958856,5180.0,517,1.0,0.12933657,0.8842662,0.2383905,0.35
-2.6575036,10380.0,0.1239383,5190.0,518,0.9,0.12928623,0.8843023,0.23839478,0.35
-2.3801155,10400.0,0.12390275,5200.0,519,1.0,0.12925331,0.884341,0.23836961,0.25
-1.8486567,10420.0,0.12386053,5210.0,520,1.0,0.12920842,0.88437825,0.23834749,0.4
-2.6705174,10440.0,0.123836085,5220.0,521,1.0,0.12919135,0.8844001,0.23834373,0.35
-2.6224027,10460.0,0.123811066,5230.0,522,1.0,0.12917118,0.8844134,0.23832124,0.3
-3.2442558,10480.0,0.12380156,5240.0,523,0.9,0.12917678,0.88442296,0.23830006,0.05
-2.8911364,10500.0,0.12374893,5250.0,524,1.0,0.12913187,0.88443255,0.23827095,0.3
-2.085051,10520.0,0.12371173,5260.0,525,1.0,0.12909783,0.88444465,0.238245,0.05
-4.755967,10540.0,0.123726994,5270.0,526,0.9,0.12912641,0.8844209,0.23823555,0.1
-3.095415,10560.0,0.12368065,5280.0,527,1.0,0.12908423,0.8844121,0.23822874,0.5
-2.5464873,10580.0,0.1236792,5290.0,528,1.0,0.12907736,0.88441736,0.23821215,0.15
-2.9737287,10600.0,0.12366044,5300.0,529,0.9,0.12907399,0.88444275,0.23820283,0.4
-3.4989522,10620.0,0.12369152,5310.0,530,0.9,0.12917553,0.88443536,0.23821117,0.2
-1.9390383,10640.0,0.12367539,5320.0,531,1.0,0.12913077,0.88446933,0.23820372,0.25
-2.1387908,10660.0,0.12369934,5330.0,532,1.0,0.1291684,0.8844757,0.23816872,0.25
-5.2037516,10680.0,0.12367361,5340.0,533,0.7,0.12913144,0.8845051,0.23816226,0.25
-2.3061156,10700.0,0.12367297,5350.0,534,0.9,0.12911266,0.8844839,0.23813382,0.2
-2.188353,10720.0,0.123688824,5360.0,535,1.0,0.12910596,0.8844795,0.23811415,0.25
-1.8266319,10740.0,0.12366362,5370.0,536,1.0,0.12909478,0.8845232,0.23811893,0.35
-2.3280098,10760.0,0.123647325,5380.0,537,0.8,0.12910412,0.8844994,0.2381229,0.2
-2.4349883,10780.0,0.123652995,5390.0,538,0.9,0.12910755,0.8845115,0.23810478,0.2
-2.4605317,10800.0,0.12367166,5400.0,539,1.0,0.1291107,0.8845222,0.23808935,0.35
-2.9854558,10820.0,0.12364882,5410.0,540,1.0,0.12910761,0.8845723,0.23809376,0.3
-2.485514,10840.0,0.1236371,5420.0,541,1.0,0.12912382,0.8846183,0.23809901,0.35
-4.0646,10860.0,0.123635165,5430.0,542,0.8,0.12910418,0.8846348,0.23809884,0.2
-2.5390193,10880.0,0.123636864,5440.0,543,0.9,0.12911816,0.8846202,0.23810714,0.35
-2.3026657,10900.0,0.12366935,5450.0,544,1.0,0.12911917,0.8846596,0.23808493,0.15
-2.8142798,10920.0,0.12363083,5460.0,545,1.0,0.12908179,0.884676,0.23809071,0.3
-2.0958493,10940.0,0.12363583,5470.0,546,1.0,0.12905574,0.8847635,0.238083,0.3
-3.1376386,10960.0,0.12362419,5480.0,547,1.0,0.12904978,0.8847888,0.23807068,0.15
-2.9700058,10980.0,0.12362057,5490.0,548,0.9,0.12904197,0.88482046,0.23805495,0.2
-3.7859535,11000.0,0.12361667,5500.0,549,0.9,0.12904789,0.8848159,0.23806489,0.3
-2.3119874,11020.0,0.12365143,5510.0,550,1.0,0.12904744,0.88482666,0.2380587,0.25
-12.981695,11040.0,0.12365036,5520.0,551,0.6,0.12900291,0.88484526,0.23806441,0.2
-3.845224,11060.0,0.12367896,5530.0,552,0.9,0.12906098,0.88484794,0.23804213,0.1
-5.771761,11080.0,0.123653285,5540.0,553,0.9,0.12902665,0.8848757,0.23804288,0.3
-1.9244606,11100.0,0.12363043,5550.0,554,1.0,0.1290005,0.88489467,0.23804331,0.15
-2.0817533,11120.0,0.12361187,5560.0,555,1.0,0.12899989,0.8849072,0.23802125,0.25
-2.082621,11140.0,0.123588294,5570.0,556,1.0,0.12902777,0.884897,0.23800796,0.2
-2.2217312,11160.0,0.123566866,5580.0,557,1.0,0.12902154,0.8849208,0.23799875,0.25
-2.3591409,11180.0,0.123567864,5590.0,558,1.0,0.12901609,0.88488984,0.2379489,0.15
-2.834544,11200.0,0.12359956,5600.0,559,0.9,0.12901865,0.88491726,0.2379158,0.25
-2.2749767,11220.0,0.12358922,5610.0,560,1.0,0.1289884,0.884918,0.23791614,0.2
-2.2063825,11240.0,0.12359903,5620.0,561,1.0,0.12901637,0.88495797,0.23790851,0.25
-2.0778193,11260.0,0.12360516,5630.0,562,1.0,0.12902226,0.88498443,0.23787247,0.3
-1.678434,11280.0,0.12359628,5640.0,563,0.9,0.12902516,0.88498086,0.2378497,0.4
-1.8153956,11300.0,0.12360241,5650.0,564,1.0,0.12898387,0.88502073,0.23785305,0.3
-2.1179588,11320.0,0.12355025,5660.0,565,0.9,0.12896034,0.8850126,0.23784019,0.35
-2.5534923,11340.0,0.12356536,5670.0,566,1.0,0.12898098,0.88501406,0.23782443,0.1
-2.5685568,11360.0,0.12358966,5680.0,567,1.0,0.1289901,0.8850138,0.23781048,0.15
-2.534171,11380.0,0.12356028,5690.0,568,0.9,0.12894769,0.8850333,0.23779188,0.45
-2.3560033,11400.0,0.123553015,5700.0,569,0.9,0.12892622,0.8850474,0.23778144,0.35
-1.8944607,11420.0,0.123527415,5710.0,570,1.0,0.12888165,0.88505197,0.23775284,0.25
-2.035744,11440.0,0.12351261,5720.0,571,1.0,0.12883675,0.8850557,0.23772635,0.2
-1.6083777,11460.0,0.123581216,5730.0,572,1.0,0.1288746,0.88507336,0.23766308,0.25
-2.3240924,11480.0,0.12356342,5740.0,573,1.0,0.12884767,0.8850754,0.23764277,0.25
-2.8426747,11500.0,0.12358246,5750.0,574,1.0,0.12883162,0.88510084,0.23762463,0.35
-1.6826416,11520.0,0.12354248,5760.0,575,1.0,0.12880392,0.8851233,0.23759638,0.35
-3.3881106,11540.0,0.12350304,5770.0,576,0.8,0.12877618,0.8851462,0.2375986,0.2
-3.2867427,11560.0,0.1235267,5780.0,577,0.8,0.1287864,0.88514876,0.23758568,0.2
-2.2071986,11580.0,0.123489685,5790.0,578,1.0,0.12874196,0.885156,0.2375508,0.15
-1.8271778,11600.0,0.123518966,5800.0,579,1.0,0.12878115,0.88516873,0.2375258,0.2
-2.6644535,11620.0,0.12353483,5810.0,580,0.8,0.128796,0.8851864,0.2375125,0.2
-5.232486,11640.0,0.12351312,5820.0,581,0.9,0.12878215,0.8851984,0.23751324,0.35
-3.2978826,11660.0,0.12349497,5830.0,582,1.0,0.12874474,0.8852623,0.23750184,0.4
-2.5915575,11680.0,0.12346036,5840.0,583,0.9,0.12874067,0.88531846,0.23751011,0.15
-1.9820149,11700.0,0.1234852,5850.0,584,1.0,0.12872575,0.8853214,0.23750001,0.25
-4.8570395,11720.0,0.123471625,5860.0,585,1.0,0.12873964,0.8853299,0.23750746,0.15
-1.9274114,11740.0,0.123462245,5870.0,586,1.0,0.12872626,0.8853119,0.23751877,0.3
-2.9622483,11760.0,0.12343154,5880.0,587,0.9,0.12868504,0.8853286,0.23750643,0.45
-5.207237,11780.0,0.12341248,5890.0,588,0.8,0.1287063,0.88534665,0.23750031,0.2
-2.6900306,11800.0,0.12340824,5900.0,589,0.8,0.12870403,0.88535327,0.23748948,0.25
-2.558129,11820.0,0.1234476,5910.0,590,1.0,0.12870157,0.8853857,0.23746672,0.25
-2.35364,11840.0,0.12348869,5920.0,591,0.9,0.1287478,0.88540506,0.23744379,0.25
-1.9996904,11860.0,0.123509906,5930.0,592,0.9,0.12871921,0.8854068,0.2374482,0.3
-1.8832392,11880.0,0.123582035,5940.0,593,1.0,0.12879986,0.8853917,0.23743096,0.3
-2.3824553,11900.0,0.12353813,5950.0,594,0.9,0.12877797,0.8854334,0.2374335,0.25
-3.6277575,11920.0,0.12355252,5960.0,595,0.9,0.12877591,0.88543373,0.23742758,0.35
-2.136599,11940.0,0.12357172,5970.0,596,0.9,0.12876458,0.8854478,0.23741533,0.2
-3.9780128,11960.0,0.12357841,5980.0,597,0.8,0.12877269,0.88540363,0.23741972,0.15
-1.7966846,11980.0,0.12362036,5990.0,598,0.9,0.12887408,0.88535243,0.2373748,0.25
-3.4267564,12000.0,0.123609334,6000.0,599,1.0,0.12884454,0.8853838,0.23739012,0.35
-2.0601087,12020.0,0.123639606,6010.0,600,1.0,0.1288396,0.885379,0.23738289,0.25
-2.3665206,12040.0,0.123659514,6020.0,601,1.0,0.12882634,0.8853442,0.2373541,0.2
-1.8822012,12060.0,0.12363209,6030.0,602,0.9,0.12879016,0.8853701,0.23733795,0.4
-3.8935885,12080.0,0.123604745,6040.0,603,0.9,0.1287672,0.8853809,0.23731036,0.5
-4.262717,12100.0,0.123572394,6050.0,604,0.9,0.12872986,0.8853753,0.23728308,0.45
-2.4901376,12120.0,0.12355095,6060.0,605,1.0,0.12869103,0.8854163,0.23728982,0.35
-3.3933785,12140.0,0.12351696,6070.0,606,0.9,0.12867507,0.88543683,0.23727494,0.5
-2.3113747,12160.0,0.12352824,6080.0,607,1.0,0.12866646,0.88542527,0.23724456,0.25
-2.6916966,12180.0,0.123503454,6090.0,608,1.0,0.1286338,0.885451,0.23724079,0.2
-5.2375183,12200.0,0.12351808,6100.0,609,0.8,0.12863205,0.88544536,0.23721439,0.2
-2.2822273,12220.0,0.12348774,6110.0,610,0.9,0.12860288,0.88544554,0.23718861,0.25
-2.7001972,12240.0,0.123470776,6120.0,611,0.9,0.12858969,0.88544995,0.23717076,0.15
-2.192501,12260.0,0.123502344,6130.0,612,1.0,0.12859385,0.88546604,0.23716587,0.3
-2.045047,12280.0,0.123472616,6140.0,613,1.0,0.12857953,0.8854795,0.23714472,0.35
-1.9022459,12300.0,0.123472564,6150.0,614,1.0,0.12856878,0.88550454,0.23713212,0.3
-4.032429,12320.0,0.12345505,6160.0,615,0.9,0.12853815,0.8855184,0.23710075,0.45
-4.9864664,12340.0,0.123423986,6170.0,616,0.8,0.1284926,0.885529,0.23709822,0.25
-2.892608,12360.0,0.12341034,6180.0,617,1.0,0.12846388,0.88555455,0.23708832,0.3
-2.2083967,12380.0,0.12339516,6190.0,618,1.0,0.12844159,0.88557655,0.23708253,0.2
-3.1314716,12400.0,0.12339295,6200.0,619,0.9,0.12840176,0.8855886,0.23707086,0.2
-2.6779501,12420.0,0.12337425,6210.0,620,1.0,0.1283726,0.88563204,0.23707265,0.15
-2.0899625,12440.0,0.123366416,6220.0,621,0.9,0.12838401,0.8856611,0.2370651,0.15
-1.8976977,12460.0,0.12333784,6230.0,622,1.0,0.12834714,0.88568616,0.23706688,0.25
-3.2406776,12480.0,0.12330543,6240.0,623,0.8,0.12833183,0.8856893,0.23704426,0.3
-2.414039,12500.0,0.12331963,6250.0,624,0.8,0.12833734,0.885701,0.23702471,0.2
-1.8350779,12520.0,0.12327447,6260.0,625,1.0,0.12830545,0.88568234,0.23700897,0.15
-3.177466,12540.0,0.12328048,6270.0,626,0.8,0.12830395,0.8857207,0.2369835,0.45
-2.522747,12560.0,0.12324207,6280.0,627,0.9,0.12828447,0.8857343,0.23696667,0.3
-3.4605737,12580.0,0.12320485,6290.0,628,0.8,0.1282493,0.8857315,0.23694031,0.3
-2.2356744,12600.0,0.123205945,6300.0,629,1.0,0.1282704,0.885732,0.23692608,0.3
-4.9610662,12620.0,0.12321088,6310.0,630,0.9,0.12825984,0.8857465,0.23691642,0.3
-2.290166,12640.0,0.123211086,6320.0,631,0.9,0.1282457,0.8857482,0.23689732,0.35
-3.0240076,12660.0,0.12318306,6330.0,632,1.0,0.12820488,0.8857565,0.23688528,0.25
-2.9974294,12680.0,0.123237304,6340.0,633,1.0,0.12824406,0.8857538,0.23688598,0.25
-2.0976982,12700.0,0.12321841,6350.0,634,1.0,0.12823586,0.8857396,0.23686296,0.5
-2.50522,12720.0,0.123170614,6360.0,635,0.9,0.12820528,0.88575906,0.23685114,0.35
-2.9796221,12740.0,0.12315362,6370.0,636,0.7,0.1282052,0.8857713,0.23685189,0.3
-2.1965241,12760.0,0.12321047,6380.0,637,0.9,0.12821573,0.8857775,0.23683904,0.25
-3.3012364,12780.0,0.12320911,6390.0,638,1.0,0.128213,0.8857793,0.23681459,0.2
-2.2752845,12800.0,0.123178504,6400.0,639,1.0,0.12818725,0.88581055,0.23681974,0.45
-2.0131466,12820.0,0.1231652,6410.0,640,0.8,0.12816708,0.8858196,0.2368117,0.2
-1.8188994,12840.0,0.12315337,6420.0,641,0.9,0.12815727,0.8858273,0.23679338,0.25
-3.2452369,12860.0,0.123135775,6430.0,642,0.9,0.12813735,0.8858544,0.23679382,0.35
-2.067991,12880.0,0.123147696,6440.0,643,0.9,0.12816447,0.88579386,0.23676082,0.25
-5.3222017,12900.0,0.123165935,6450.0,644,0.9,0.12823959,0.88580346,0.23674977,0.35
-2.4981961,12920.0,0.12313424,6460.0,645,1.0,0.12823607,0.88584185,0.23673888,0.4
-2.6186275,12940.0,0.12312464,6470.0,646,0.9,0.12821591,0.8858339,0.23670696,0.05
-3.3540065,12960.0,0.1230976,6480.0,647,0.9,0.12817617,0.8858333,0.23668472,0.45
-2.6662834,12980.0,0.123055786,6490.0,648,1.0,0.12814517,0.88582486,0.236672,0.35
-2.5615165,13000.0,0.123029016,6500.0,649,1.0,0.12811589,0.8858519,0.23666348,0.2
-3.3644452,13020.0,0.12303995,6510.0,650,0.9,0.12811156,0.88580817,0.236638,0.3
-2.3067963,13040.0,0.12300666,6520.0,651,0.9,0.12807482,0.8857972,0.23663223,0.25
-2.3207726,13060.0,0.12298704,6530.0,652,0.7,0.12805344,0.88580656,0.23661892,0.05
-2.1934886,13080.0,0.12299582,6540.0,653,1.0,0.12808079,0.88583,0.23659971,0.35
-2.28735,13100.0,0.12299224,6550.0,654,1.0,0.12807621,0.88582367,0.23659374,0.25
-1.8311555,13120.0,0.12298345,6560.0,655,1.0,0.12805058,0.88585156,0.23658249,0.55
-2.1286542,13140.0,0.12300893,6570.0,656,0.9,0.1280554,0.8858547,0.2365637,0.3
-2.6558669,13160.0,0.12302031,6580.0,657,0.8,0.12805259,0.8858628,0.23654911,0.45
-4.9047422,13180.0,0.12300741,6590.0,658,0.5,0.12801743,0.8858765,0.23654234,0.15
-2.3177903,13200.0,0.12298195,6600.0,659,1.0,0.12798674,0.8859138,0.2365391,0.25
-2.4599218,13220.0,0.12297084,6610.0,660,1.0,0.12796535,0.88594335,0.23655476,0.15
-2.9924934,13240.0,0.12298205,6620.0,661,1.0,0.12795709,0.8859673,0.23656668,0.2
-2.2618718,13260.0,0.1230203,6630.0,662,1.0,0.12797925,0.8859427,0.23653758,0.2
-2.8182528,13280.0,0.12298828,6640.0,663,0.9,0.12794672,0.8859596,0.23653017,0.35
-2.4803166,13300.0,0.12299936,6650.0,664,1.0,0.12801994,0.8859911,0.23652014,0.4
-2.262506,13320.0,0.12301599,6660.0,665,1.0,0.1280157,0.8859895,0.23650673,0.15
-2.0575297,13340.0,0.12301586,6670.0,666,0.9,0.1280386,0.88604826,0.2365073,0.25
-2.3993144,13360.0,0.12300804,6680.0,667,1.0,0.1280244,0.88607645,0.23650046,0.2
-2.3595474,13380.0,0.12299631,6690.0,668,1.0,0.12801526,0.8860981,0.23647615,0.3
-3.6658616,13400.0,0.12296482,6700.0,669,1.0,0.12798409,0.88611585,0.23647293,0.15
-1.877745,13420.0,0.1229439,6710.0,670,1.0,0.12796862,0.88613945,0.23646772,0.2
-1.8074923,13440.0,0.12297166,6720.0,671,1.0,0.12799315,0.88616496,0.23644814,0.05
-4.1074233,13460.0,0.122947834,6730.0,672,0.5,0.12795903,0.8861843,0.23645546,0.4
-2.8229685,13480.0,0.122915,6740.0,673,0.7,0.12793688,0.88617843,0.23643652,0.35
-2.6407738,13500.0,0.12292031,6750.0,674,1.0,0.1279371,0.8862265,0.23643993,0.25
-2.485669,13520.0,0.122917354,6760.0,675,0.9,0.1279522,0.88622206,0.2364295,0.2
-3.532933,13540.0,0.12291643,6770.0,676,1.0,0.12793715,0.88621026,0.23644595,0.45
-2.2818947,13560.0,0.12292253,6780.0,677,0.9,0.12794043,0.8862159,0.23644239,0.35
-4.231801,13580.0,0.12290685,6790.0,678,0.7,0.12791815,0.8862407,0.23643194,0.4
-2.6814806,13600.0,0.12286585,6800.0,679,0.9,0.12788938,0.8862684,0.23642269,0.35
-3.4663625,13620.0,0.12284419,6810.0,680,0.8,0.12787664,0.8862889,0.2364154,0.3
-1.9607208,13640.0,0.1228431,6820.0,681,0.9,0.12790935,0.8862794,0.23641227,0.3
-3.2818558,13660.0,0.12281455,6830.0,682,1.0,0.12787099,0.88629484,0.23640053,0.55
-2.8020043,13680.0,0.12285034,6840.0,683,1.0,0.1279034,0.8863167,0.23638009,0.1
-2.596044,13700.0,0.12284224,6850.0,684,0.9,0.12792623,0.88633925,0.23636934,0.35
-2.1913335,13720.0,0.12285406,6860.0,685,1.0,0.12792547,0.88633937,0.23636156,0.25
-1.6082169,13740.0,0.12285513,6870.0,686,1.0,0.12790187,0.88635534,0.23635054,0.3
-1.9598267,13760.0,0.12282657,6880.0,687,1.0,0.12788437,0.88639563,0.23636949,0.35
-3.2816567,13780.0,0.12280775,6890.0,688,1.0,0.1278554,0.8864227,0.23637275,0.2
-3.1078403,13800.0,0.12283204,6900.0,689,0.9,0.12790209,0.88641423,0.23636422,0.35
-2.6894965,13820.0,0.12284954,6910.0,690,1.0,0.12789679,0.88641423,0.2363188,0.05
-7.003067,13840.0,0.122854374,6920.0,691,0.9,0.1278577,0.88641804,0.23628683,0.35
-4.0340776,13860.0,0.122829676,6930.0,692,0.9,0.1278385,0.8864345,0.23627907,0.3
-2.369387,13880.0,0.12279527,6940.0,693,1.0,0.12781604,0.88646525,0.23627628,0.25
-2.6515276,13900.0,0.122835666,6950.0,694,1.0,0.12784465,0.88647157,0.23624659,0.3
-2.3095856,13920.0,0.12280351,6960.0,695,1.0,0.12781908,0.886489,0.23623312,0.3
-3.9550776,13940.0,0.122822486,6970.0,696,0.8,0.12786907,0.88651115,0.23621388,0.35
-2.4519963,13960.0,0.12280147,6980.0,697,1.0,0.12784977,0.8865389,0.23618615,0.3
-4.2811394,13980.0,0.12285914,6990.0,698,1.0,0.12785964,0.886544,0.23614739,0.25
-2.3965988,14000.0,0.1228431,7000.0,699,0.7,0.12785305,0.8865476,0.23611796,0.15
-1.9674088,14020.0,0.12282132,7010.0,700,1.0,0.12782116,0.8865711,0.23609456,0.35
-2.2737603,14040.0,0.122834705,7020.0,701,0.8,0.12779753,0.88657564,0.23607473,0.35
-3.7119174,14060.0,0.12282326,7030.0,702,0.8,0.12777725,0.88657266,0.23605973,0.45
-4.829464,14080.0,0.12282047,7040.0,703,0.7,0.12777099,0.88656646,0.2360587,0.15
-2.304832,14100.0,0.122809544,7050.0,704,0.8,0.12773539,0.8865864,0.23603816,0.25
-2.9649239,14120.0,0.122837685,7060.0,705,0.9,0.12773386,0.8865733,0.23602563,0.25
-1.7552305,14140.0,0.12280986,7070.0,706,1.0,0.12769057,0.88655376,0.23599453,0.25
-2.0971506,14160.0,0.12280135,7080.0,707,0.9,0.12766385,0.8866065,0.23598939,0.45
-3.0692117,14180.0,0.122803695,7090.0,708,0.9,0.12766035,0.8866212,0.23597553,0.1
-2.0716867,14200.0,0.12281196,7100.0,709,1.0,0.12766632,0.88664126,0.23596819,0.35
-1.7861378,14220.0,0.12280503,7110.0,710,1.0,0.12765487,0.88664454,0.23595396,0.35
-2.6150494,14240.0,0.122782595,7120.0,711,1.0,0.12762931,0.88664895,0.23592041,0.3
-2.317036,14260.0,0.12277577,7130.0,712,0.9,0.12760065,0.8866381,0.23589806,0.25
-3.6485188,14280.0,0.12279845,7140.0,713,0.9,0.1276044,0.8866248,0.23585927,0.05
-2.710772,14300.0,0.12282257,7150.0,714,1.0,0.12758721,0.8866596,0.23585635,0.1
-4.027557,14320.0,0.12283464,7160.0,715,1.0,0.12758838,0.88666874,0.2358241,0.3
-2.3017802,14340.0,0.12281086,7170.0,716,0.9,0.12755321,0.8866816,0.23581694,0.45
-3.1940892,14360.0,0.12281732,7180.0,717,0.8,0.12756073,0.88669544,0.23580782,0.3
-3.761395,14380.0,0.12280345,7190.0,718,0.9,0.1275475,0.8867186,0.23578924,0.4
-4.5295305,14400.0,0.12278966,7200.0,719,0.7,0.12754625,0.8867257,0.2357775,0.2
-2.242227,14420.0,0.12280771,7210.0,720,0.8,0.12756091,0.88673073,0.23576494,0.3
-2.4774256,14440.0,0.122786246,7220.0,721,1.0,0.12752502,0.88674927,0.23576105,0.4
-2.7442346,14460.0,0.122767895,7230.0,722,1.0,0.12748593,0.8867398,0.23575038,0.2
-2.0888355,14480.0,0.122793816,7240.0,723,0.9,0.1274851,0.88675565,0.23573662,0.05
-2.0753047,14500.0,0.122784995,7250.0,724,1.0,0.1274951,0.88676184,0.23573747,0.25
-2.96688,14520.0,0.122766666,7260.0,725,1.0,0.12745915,0.8867629,0.23570597,0.35
-3.7184772,14540.0,0.12276245,7270.0,726,1.0,0.12748277,0.88678,0.23569235,0.2
-3.8475757,14560.0,0.122759044,7280.0,727,0.9,0.1274584,0.8867666,0.2356717,0.25
-4.6828117,14580.0,0.12272963,7290.0,728,0.9,0.12743147,0.8867908,0.23565933,0.2
-2.2309277,14600.0,0.12269103,7300.0,729,0.9,0.12740253,0.886796,0.23565757,0.2
-1.9374851,14620.0,0.12269317,7310.0,730,1.0,0.12739165,0.88680154,0.2356374,0.2
-2.4945455,14640.0,0.12270219,7320.0,731,0.8,0.12736034,0.8868074,0.23562957,0.5
-2.418913,14660.0,0.12272051,7330.0,732,0.7,0.12740049,0.8868386,0.23561136,0.1
-2.2478096,14680.0,0.12270001,7340.0,733,0.8,0.12736835,0.88683414,0.2355786,0.35
-3.7560277,14700.0,0.12268878,7350.0,734,0.9,0.12734707,0.88685364,0.23555478,0.5
-3.19994,14720.0,0.12268205,7360.0,735,1.0,0.12736748,0.88686377,0.23553532,0.3
-3.4224124,14740.0,0.122647345,7370.0,736,0.9,0.127357,0.88690263,0.2355321,0.45
-4.351124,14760.0,0.12263096,7380.0,737,0.9,0.12732829,0.8869254,0.23551708,0.15
-2.7488065,14780.0,0.12266633,7390.0,738,0.8,0.12739143,0.8869222,0.23547833,0.3
-4.247174,14800.0,0.122651584,7400.0,739,0.9,0.12740028,0.8869398,0.23546505,0.25
-2.1748528,14820.0,0.12265198,7410.0,740,1.0,0.12741326,0.8869705,0.23544323,0.3
-2.8991895,14840.0,0.12267645,7420.0,741,0.9,0.1273886,0.8870003,0.23542911,0.2
-3.2443244,14860.0,0.12265489,7430.0,742,0.8,0.12739238,0.8870335,0.23541637,0.15
-2.8447058,14880.0,0.12262345,7440.0,743,1.0,0.1273669,0.8870376,0.23540579,0.25
-2.047948,14900.0,0.12264263,7450.0,744,0.8,0.12737207,0.88704175,0.235379,0.1
-4.0476074,14920.0,0.122661114,7460.0,745,1.0,0.12738815,0.8870533,0.23536602,0.3
-4.038379,14940.0,0.122693256,7470.0,746,0.9,0.12737802,0.88704425,0.23533708,0.25
-1.9219563,14960.0,0.122692965,7480.0,747,1.0,0.12735027,0.887054,0.23533851,0.25
-3.254171,14980.0,0.1226818,7490.0,748,1.0,0.12735802,0.8870718,0.23531926,0.3
-3.8618684,15000.0,0.12269903,7500.0,749,1.0,0.12736541,0.88707477,0.23530596,0.15
-3.070634,15020.0,0.12267829,7510.0,750,0.8,0.12735678,0.88708377,0.23528996,0.15
-1.8455613,15040.0,0.122682,7520.0,751,1.0,0.12738861,0.8871034,0.23530129,0.3
-3.0610752,15060.0,0.1226464,7530.0,752,0.9,0.12736802,0.8871189,0.23530571,0.45
-3.1500006,15080.0,0.12262443,7540.0,753,0.6,0.12735528,0.8871177,0.23529108,0.15
-2.208015,15100.0,0.122623585,7550.0,754,1.0,0.12734984,0.88711196,0.23528312,0.1
-2.1636178,15120.0,0.122600116,7560.0,755,0.9,0.12732755,0.88714075,0.23526804,0.45
-2.7756639,15140.0,0.12261871,7570.0,756,1.0,0.12733813,0.88709164,0.23523305,0.3
-3.441604,15160.0,0.1226122,7580.0,757,1.0,0.12734757,0.88711095,0.23521905,0.15
-3.5461202,15180.0,0.12259553,7590.0,758,0.8,0.12732917,0.8871154,0.2351975,0.15
-3.5893083,15200.0,0.12255604,7600.0,759,0.9,0.12730213,0.887139,0.23520075,0.25
-2.9070013,15220.0,0.122524776,7610.0,760,0.8,0.12728179,0.88716406,0.23519133,0.3
-3.4219024,15240.0,0.12252082,7620.0,761,0.9,0.12726372,0.8871468,0.23516119,0.3
-3.155373,15260.0,0.122488536,7630.0,762,1.0,0.12724535,0.8871546,0.23514318,0.35
-1.937907,15280.0,0.12252549,7640.0,763,0.9,0.12726985,0.88715434,0.235121,0.15
-2.471849,15300.0,0.12254691,7650.0,764,0.8,0.1273139,0.8871553,0.23511957,0.05
-3.0372071,15320.0,0.12253716,7660.0,765,1.0,0.12728956,0.8871527,0.23510183,0.45
-1.9229752,15340.0,0.1225419,7670.0,766,1.0,0.12726785,0.887155,0.23508506,0.1
-2.4152548,15360.0,0.12252558,7680.0,767,1.0,0.12724867,0.8871835,0.23508461,0.35
-2.4364014,15380.0,0.12255535,7690.0,768,1.0,0.12724486,0.887193,0.23504621,0.15
-5.2057014,15400.0,0.122537814,7700.0,769,0.9,0.12724029,0.8872072,0.2350254,0.05
-4.8810105,15420.0,0.12255371,7710.0,770,0.9,0.1272766,0.8872154,0.2350032,0.2
-3.952417,15440.0,0.12252119,7720.0,771,0.8,0.12724929,0.88723093,0.23498613,0.15
-4.0782394,15460.0,0.122503586,7730.0,772,1.0,0.12724663,0.8872361,0.23496276,0.2
-2.1112707,15480.0,0.122496665,7740.0,773,1.0,0.12724805,0.88723755,0.23494774,0.2
-2.7930524,15500.0,0.122494936,7750.0,774,0.9,0.1272205,0.8872412,0.23491694,0.1
-2.3451564,15520.0,0.12248319,7760.0,775,1.0,0.12723342,0.887242,0.23489958,0.35
-3.8067412,15540.0,0.122480385,7770.0,776,0.9,0.12725867,0.8872428,0.23488075,0.15
-2.2706132,15560.0,0.12248375,7780.0,777,0.9,0.12725429,0.887249,0.23486242,0.1
-2.1339035,15580.0,0.122511044,7790.0,778,0.8,0.12725206,0.8872487,0.23485485,0.2
-1.8488299,15600.0,0.122509144,7800.0,779,1.0,0.1272363,0.88723177,0.23483269,0.3
-4.121711,15620.0,0.12249053,7810.0,780,0.9,0.12721199,0.88724226,0.23481922,0.15
-2.0881588,15640.0,0.12246732,7820.0,781,1.0,0.1271878,0.8872407,0.23479666,0.4
-1.828941,15660.0,0.12245367,7830.0,782,0.9,0.1271529,0.887261,0.23477624,0.3
-2.4538279,15680.0,0.12243836,7840.0,783,0.7,0.12714793,0.88728136,0.23476739,0.25
-2.8514125,15700.0,0.12244517,7850.0,784,0.9,0.1271481,0.88730735,0.23475982,0.15
-3.7670846,15720.0,0.122439474,7860.0,785,0.9,0.12714441,0.88730305,0.23474038,0.2
-2.218467,15740.0,0.12243515,7870.0,786,1.0,0.12712575,0.88731116,0.23472229,0.35
-3.773156,15760.0,0.122437924,7880.0,787,0.9,0.12715273,0.8873237,0.23470621,0.25
-3.949144,15780.0,0.12242181,7890.0,788,0.7,0.12714815,0.8873308,0.23469222,0.25
-2.5042205,15800.0,0.122404136,7900.0,789,1.0,0.12716325,0.8873313,0.23468094,0.2
-2.4599543,15820.0,0.122373104,7910.0,790,0.9,0.12714677,0.8873491,0.23466457,0.25
-5.0515656,15840.0,0.122389,7920.0,791,0.8,0.12716712,0.8873468,0.23463994,0.15
-5.590056,15860.0,0.122379445,7930.0,792,0.9,0.12716652,0.88733953,0.2346136,0.35
-1.439992,15880.0,0.122381076,7940.0,793,1.0,0.12714456,0.8873489,0.23459926,0.4
-3.3525436,15900.0,0.122387886,7950.0,794,0.9,0.12713532,0.88735193,0.23458816,0.15
-2.265449,15920.0,0.12238539,7960.0,795,1.0,0.12711467,0.88736326,0.23457627,0.1
-1.7667824,15940.0,0.12236654,7970.0,796,0.9,0.12711275,0.8873723,0.23455574,0.1
-2.19284,15960.0,0.12235267,7980.0,797,1.0,0.12708046,0.887369,0.2345213,0.25
-2.1989472,15980.0,0.122341834,7990.0,798,0.9,0.12705173,0.8873694,0.23451303,0.2
-2.067268,16000.0,0.12234554,8000.0,799,1.0,0.12706418,0.88736576,0.23448294,0.15
-5.4555883,16020.0,0.12234607,8010.0,800,0.9,0.12706488,0.88737386,0.23445676,0.3
-2.7577496,16040.0,0.122352675,8020.0,801,1.0,0.12710787,0.88739866,0.23446254,0.2
-2.5430264,16060.0,0.12233138,8030.0,802,0.7,0.12708913,0.88740844,0.23443618,0.25
-2.4276946,16080.0,0.12230802,8040.0,803,0.9,0.12706159,0.88739824,0.23440976,0.35
-2.465797,16100.0,0.12228696,8050.0,804,0.9,0.12704134,0.88738734,0.23438945,0.15
-6.6884527,16120.0,0.12227672,8060.0,805,0.7,0.127046,0.8874065,0.23436846,0.4
-5.5452766,16140.0,0.12227892,8070.0,806,0.7,0.1270663,0.88740426,0.23436423,0.35
-2.0198448,16160.0,0.12225491,8080.0,807,0.9,0.12704809,0.8873977,0.23434284,0.4
-2.571409,16180.0,0.12223194,8090.0,808,1.0,0.12704389,0.8874257,0.23431316,0.25
-2.2955194,16200.0,0.12222146,8100.0,809,1.0,0.12704165,0.88742995,0.2342948,0.25
-4.2912693,16220.0,0.12226717,8110.0,810,0.9,0.1270373,0.8874169,0.2342724,0.1
-2.9952548,16240.0,0.122271225,8120.0,811,0.9,0.12707858,0.8874242,0.23425613,0.2
-3.9144993,16260.0,0.12224971,8130.0,812,0.8,0.12704979,0.8874447,0.23424481,0.3
-2.9342794,16280.0,0.12222555,8140.0,813,0.9,0.127039,0.88743806,0.23423524,0.2
-3.7420678,16300.0,0.122217834,8150.0,814,0.9,0.12701426,0.8874342,0.23422065,0.25
-2.6384022,16320.0,0.122221574,8160.0,815,1.0,0.12701915,0.88742095,0.23419777,0.35
-3.414631,16340.0,0.12218562,8170.0,816,1.0,0.12699707,0.88741964,0.23418304,0.25
-2.2639585,16360.0,0.1221833,8180.0,817,1.0,0.12698343,0.8874226,0.23416823,0.5
-2.91052,16380.0,0.122195885,8190.0,818,1.0,0.12699156,0.8874323,0.23415619,0.1
-3.4302368,16400.0,0.12216652,8200.0,819,0.9,0.12697251,0.8874418,0.23414417,0.2
-2.1763349,16420.0,0.12217737,8210.0,820,1.0,0.12696795,0.8874281,0.23411848,0.15
-2.2185018,16440.0,0.12219975,8220.0,821,1.0,0.12699777,0.88743424,0.234119,0.1
-2.4812338,16460.0,0.12216455,8230.0,822,1.0,0.1269788,0.88744026,0.23410858,0.35
-2.9743829,16480.0,0.1221354,8240.0,823,0.9,0.1269504,0.88744277,0.2340971,0.3
-1.651819,16500.0,0.12212221,8250.0,824,0.9,0.12694618,0.88744074,0.23408288,0.35
-2.1898189,16520.0,0.12210625,8260.0,825,0.9,0.12693307,0.8874311,0.23406912,0.15
-3.606854,16540.0,0.122085616,8270.0,826,0.7,0.12690823,0.88743633,0.23405273,0.15
-1.5367633,16560.0,0.122067526,8280.0,827,0.9,0.12690984,0.88743645,0.23404984,0.2
-1.9385996,16580.0,0.12211143,8290.0,828,0.9,0.12695655,0.88746244,0.23404999,0.15
-2.0158515,16600.0,0.12208987,8300.0,829,0.9,0.12695895,0.88746196,0.2340305,0.1
-2.1606526,16620.0,0.12205522,8310.0,830,0.7,0.1269285,0.8874993,0.23402269,0.35
-2.5126853,16640.0,0.12204915,8320.0,831,1.0,0.12693512,0.8874993,0.23400761,0.3
-3.7614708,16660.0,0.12205607,8330.0,832,0.9,0.12694804,0.8875027,0.23399204,0.45
-1.3353397,16680.0,0.12203895,8340.0,833,1.0,0.12694807,0.8875266,0.23397867,0.3
-2.5141692,16700.0,0.12201545,8350.0,834,0.9,0.12691434,0.88750315,0.23395179,0.3
-1.7373741,16720.0,0.121997595,8360.0,835,1.0,0.1269115,0.8875301,0.23393005,0.3
-1.8944708,16740.0,0.12199767,8370.0,836,1.0,0.12690769,0.8875465,0.23391268,0.05
-1.7786062,16760.0,0.12197022,8380.0,837,0.9,0.12689225,0.88757515,0.23391086,0.4
-2.8718278,16780.0,0.121987134,8390.0,838,1.0,0.12693316,0.8875715,0.23389606,0.3
-2.2172368,16800.0,0.121995516,8400.0,839,0.9,0.12701969,0.88756114,0.2338832,0.15
-1.583203,16820.0,0.12198636,8410.0,840,1.0,0.12701216,0.8875637,0.23387098,0.25
-1.4783214,16840.0,0.12197902,8420.0,841,0.9,0.12700565,0.88755625,0.23385169,0.35
-1.9487352,16860.0,0.12196572,8430.0,842,0.9,0.12700517,0.8875642,0.23382927,0.25
-2.0699449,16880.0,0.12196946,8440.0,843,1.0,0.1269775,0.8875882,0.2338194,0.35
-2.2002215,16900.0,0.12195577,8450.0,844,0.8,0.12698124,0.8876229,0.23379664,0.2
-3.091666,16920.0,0.1219458,8460.0,845,0.9,0.12698966,0.8876079,0.23376954,0.35
-1.9977032,16940.0,0.12191639,8470.0,846,0.8,0.12696178,0.8875968,0.23374695,0.3
-2.6871006,16960.0,0.121940896,8480.0,847,0.8,0.1269747,0.88760144,0.23373018,0.15
-2.1570644,16980.0,0.12192229,8490.0,848,0.9,0.12694637,0.88759834,0.23370636,0.35
-2.1105776,17000.0,0.12192504,8500.0,849,1.0,0.12696016,0.88760644,0.2336928,0.3
-3.245919,17020.0,0.12196622,8510.0,850,1.0,0.12700674,0.8876028,0.23366506,0.2
-2.5485406,17040.0,0.12196984,8520.0,851,0.9,0.12700455,0.88759583,0.23364349,0.15
-4.149149,17060.0,0.121939756,8530.0,852,0.9,0.12697004,0.88758236,0.2336193,0.2
-1.9646766,17080.0,0.12192383,8540.0,853,0.8,0.12695414,0.88759613,0.23360789,0.2
-1.8928868,17100.0,0.12193051,8550.0,854,0.9,0.1269486,0.8875866,0.23357949,0.15
-2.9918532,17120.0,0.12192812,8560.0,855,0.9,0.12692784,0.88760954,0.23355517,0.15
-2.932891,17140.0,0.12191868,8570.0,856,0.6,0.12695211,0.8876106,0.23353882,0.35
-2.1838546,17160.0,0.12191605,8580.0,857,0.8,0.12695561,0.8876255,0.23351058,0.25
-3.3984666,17180.0,0.12191899,8590.0,858,0.8,0.12692638,0.8876259,0.23348361,0.3
-2.0927749,17200.0,0.12191513,8600.0,859,0.9,0.12693423,0.88762933,0.23346086,0.25
-2.4449189,17220.0,0.121888496,8610.0,860,0.8,0.12690853,0.88763815,0.23344989,0.15
-2.9352396,17240.0,0.121851355,8620.0,861,0.9,0.1268829,0.8876419,0.23343243,0.25
-1.8328059,17260.0,0.121872865,8630.0,862,0.9,0.12684885,0.8876336,0.23341368,0.3
-2.3695416,17280.0,0.12186124,8640.0,863,1.0,0.12683333,0.88763523,0.23339601,0.3
-2.3266273,17300.0,0.12186132,8650.0,864,0.9,0.12683088,0.887646,0.23339133,0.35
-1.948479,17320.0,0.12186261,8660.0,865,0.9,0.12682554,0.88763523,0.23336479,0.2
-2.0469327,17340.0,0.121876575,8670.0,866,0.9,0.12685405,0.88764936,0.23334606,0.3
-3.7929044,17360.0,0.12187109,8680.0,867,0.9,0.12685466,0.887669,0.23332843,0.35
-2.138987,17380.0,0.12184183,8690.0,868,1.0,0.12683754,0.8876851,0.23331705,0.3
-1.8159716,17400.0,0.12182958,8700.0,869,0.9,0.1268204,0.88768655,0.23329934,0.25
-2.4476588,17420.0,0.12183306,8710.0,870,0.9,0.12683047,0.88769263,0.23327732,0.15
-2.0078568,17440.0,0.121828444,8720.0,871,1.0,0.12681414,0.88770264,0.23326883,0.25
-2.049179,17460.0,0.12180142,8730.0,872,0.8,0.12679736,0.887706,0.23325747,0.25
-2.2365289,17480.0,0.12180917,8740.0,873,1.0,0.12678774,0.88769984,0.23323947,0.25
-2.054706,17500.0,0.12183087,8750.0,874,1.0,0.12679864,0.88772583,0.23322962,0.2
-2.2171082,17520.0,0.12182579,8760.0,875,1.0,0.12681846,0.8877328,0.23321468,0.15
-2.6086657,17540.0,0.12180805,8770.0,876,0.9,0.12678921,0.88772255,0.2331972,0.2
-4.529318,17560.0,0.12181746,8780.0,877,0.9,0.12681419,0.88771564,0.23318048,0.2
-3.2916691,17580.0,0.12179125,8790.0,878,0.9,0.12678617,0.8877143,0.23315603,0.25
-4.0894327,17600.0,0.12176733,8800.0,879,1.0,0.12676834,0.88770944,0.2331411,0.3
-2.7830906,17620.0,0.12177225,8810.0,880,0.9,0.1267798,0.8877046,0.2331267,0.25
-2.0481107,17640.0,0.121750966,8820.0,881,1.0,0.12677236,0.8877244,0.23311746,0.25
-4.163865,17660.0,0.12175648,8830.0,882,0.9,0.12675774,0.8877197,0.23308316,0.35
-3.407227,17680.0,0.121750936,8840.0,883,0.9,0.1267338,0.88772744,0.23307396,0.25
-2.3873518,17700.0,0.1217708,8850.0,884,1.0,0.1267371,0.88774776,0.23305838,0.35
-3.5501761,17720.0,0.121759854,8860.0,885,0.9,0.12671864,0.8877726,0.23303938,0.35
-6.6680117,17740.0,0.121746324,8870.0,886,0.9,0.12669535,0.88776916,0.23302199,0.2
-3.0128465,17760.0,0.12171765,8880.0,887,1.0,0.12668276,0.88778776,0.23301078,0.2
-2.6179297,17780.0,0.121695414,8890.0,888,1.0,0.12669437,0.8878034,0.23299885,0.3
-4.0081625,17800.0,0.12167487,8900.0,889,0.9,0.12667419,0.88781667,0.23298454,0.4
-2.3530793,17820.0,0.121701,8910.0,890,0.9,0.12668897,0.8878067,0.23295589,0.4
-2.8254278,17840.0,0.12169199,8920.0,891,0.9,0.12669411,0.88782614,0.23293734,0.4
-2.082198,17860.0,0.12166458,8930.0,892,0.7,0.12667781,0.88783765,0.23293236,0.25
-4.2657547,17880.0,0.12166847,8940.0,893,0.8,0.12669511,0.8878681,0.23292433,0.15
-2.230027,17900.0,0.121666335,8950.0,894,0.9,0.12669025,0.887886,0.23291735,0.25
-3.709474,17920.0,0.12164535,8960.0,895,0.5,0.12668546,0.8878657,0.23290029,0.4
-3.904234,17940.0,0.12163112,8970.0,896,1.0,0.1266761,0.88787323,0.23289686,0.2
-2.1913955,17960.0,0.121606916,8980.0,897,1.0,0.1266469,0.8878786,0.23287836,0.5
-3.290872,17980.0,0.1216003,8990.0,898,0.9,0.12665027,0.8878813,0.23286705,0.3
-3.307331,18000.0,0.12160857,9000.0,899,0.9,0.1266493,0.8878626,0.23283687,0.2
-4.05215,18020.0,0.12159462,9010.0,900,1.0,0.12664619,0.88788253,0.23280363,0.4
-2.328661,18040.0,0.121587455,9020.0,901,0.8,0.12662302,0.8878832,0.23277746,0.35
-4.925761,18060.0,0.12159804,9030.0,902,0.4,0.12663817,0.887868,0.2327506,0.2
-1.6281917,18080.0,0.12159081,9040.0,903,1.0,0.12663825,0.887861,0.23273107,0.15
-4.0785623,18100.0,0.121576376,9050.0,904,0.8,0.1266125,0.8878669,0.23272128,0.2
-3.176232,18120.0,0.121567465,9060.0,905,1.0,0.12658668,0.88787335,0.232694,0.2
-3.9218643,18140.0,0.121564865,9070.0,906,0.8,0.12657632,0.88788074,0.23268698,0.3
-1.67782,18160.0,0.12155323,9080.0,907,1.0,0.12655622,0.88787717,0.23267144,0.25
-3.6270766,18180.0,0.121542424,9090.0,908,0.9,0.12654269,0.8878868,0.23264565,0.25
-3.5123467,18200.0,0.121529534,9100.0,909,0.9,0.12652057,0.8879006,0.23263359,0.3
-4.395561,18220.0,0.12150935,9110.0,910,0.8,0.12649812,0.8879085,0.23261665,0.3
-2.364427,18240.0,0.12148523,9120.0,911,1.0,0.12650563,0.8879239,0.23259184,0.3
-2.3913941,18260.0,0.12147092,9130.0,912,1.0,0.12649776,0.8879361,0.23256965,0.35
-3.4319596,18280.0,0.12144476,9140.0,913,1.0,0.12647824,0.8879439,0.23254319,0.25
-3.0875835,18300.0,0.12142438,9150.0,914,0.9,0.12645237,0.8879695,0.23253523,0.3
-5.452165,18320.0,0.12140712,9160.0,915,0.8,0.12643276,0.8879525,0.23251076,0.45
-1.5671897,18340.0,0.121435806,9170.0,916,1.0,0.12647422,0.88793045,0.23247631,0.3
-1.7949607,18360.0,0.1214254,9180.0,917,0.8,0.1264687,0.88795924,0.23246934,0.45
-1.9032066,18380.0,0.12142247,9190.0,918,0.8,0.12646727,0.88795525,0.23244625,0.1
-1.5575117,18400.0,0.12141354,9200.0,919,1.0,0.12644096,0.8879726,0.23243509,0.35
-1.8383232,18420.0,0.121387064,9210.0,920,1.0,0.12643372,0.88797325,0.23242182,0.2
-1.9085608,18440.0,0.12136256,9220.0,921,1.0,0.12640375,0.8879737,0.23241031,0.1
-3.8934562,18460.0,0.12134648,9230.0,922,0.7,0.12638329,0.88797754,0.23238501,0.35
-1.8044827,18480.0,0.12132714,9240.0,923,0.9,0.12637606,0.8879628,0.2323634,0.3
-2.742684,18500.0,0.12130735,9250.0,924,0.9,0.12634571,0.8879566,0.23234706,0.4
-1.7598327,18520.0,0.121283434,9260.0,925,1.0,0.12633862,0.88793546,0.23233087,0.35
-1.7388309,18540.0,0.12125539,9270.0,926,0.9,0.12632143,0.8879509,0.23231775,0.15
-1.9190098,18560.0,0.12123091,9280.0,927,0.8,0.12630768,0.8879338,0.23230074,0.2
-3.8615851,18580.0,0.12122498,9290.0,928,0.7,0.12632872,0.88792783,0.23227687,0.25
-3.2807236,18600.0,0.12121877,9300.0,929,0.8,0.12630899,0.88794094,0.23225532,0.3
-2.8202317,18620.0,0.121207245,9310.0,930,0.7,0.12629692,0.8879583,0.23224294,0.3
-2.8665504,18640.0,0.12119197,9320.0,931,0.8,0.1262739,0.8879544,0.23223501,0.2
-2.8899493,18660.0,0.12118244,9330.0,932,1.0,0.12625743,0.88795394,0.23221989,0.4
-2.9866505,18680.0,0.12116977,9340.0,933,0.9,0.12623511,0.88796157,0.23220736,0.3
-2.6179857,18700.0,0.121186264,9350.0,934,0.9,0.12628454,0.887961,0.23219156,0.15
-3.2810683,18720.0,0.12115935,9360.0,935,0.8,0.12626614,0.88796705,0.23217146,0.4
-2.4016247,18740.0,0.12114029,9370.0,936,1.0,0.1262544,0.8879676,0.23216188,0.25
-2.0190961,18760.0,0.12116694,9380.0,937,1.0,0.1262934,0.8879482,0.23214015,0.15
-1.9483135,18780.0,0.121151745,9390.0,938,1.0,0.12629078,0.8879668,0.23213944,0.45
-2.9100215,18800.0,0.12114982,9400.0,939,0.6,0.12631711,0.8879637,0.2321361,0.1
-1.7926172,18820.0,0.12113196,9410.0,940,1.0,0.12630635,0.8879866,0.23212509,0.25
-1.980159,18840.0,0.121124744,9420.0,941,0.9,0.12632541,0.8879989,0.23211569,0.25
-3.3657937,18860.0,0.1211288,9430.0,942,0.8,0.1263278,0.8879966,0.23209584,0.4
-3.2556834,18880.0,0.12112533,9440.0,943,1.0,0.12632665,0.88799363,0.23208956,0.15
-2.0994158,18900.0,0.12113303,9450.0,944,0.9,0.12632497,0.8880069,0.23205811,0.35
-3.7391267,18920.0,0.12111545,9460.0,945,0.9,0.12632531,0.88799506,0.23204626,0.25
-2.116102,18940.0,0.12113732,9470.0,946,1.0,0.12633401,0.8880022,0.23202892,0.15
-1.9733002,18960.0,0.121127225,9480.0,947,1.0,0.12632118,0.8880022,0.23200615,0.25
-1.9218003,18980.0,0.12109646,9490.0,948,1.0,0.12629564,0.8880146,0.23199156,0.2
-3.6234722,19000.0,0.12107992,9500.0,949,0.9,0.12626876,0.88801366,0.23197407,0.3
-1.5614744,19020.0,0.121082336,9510.0,950,1.0,0.12627083,0.88803047,0.23196688,0.3
-2.143182,19040.0,0.12108176,9520.0,951,1.0,0.12630634,0.88801306,0.23195371,0.25
-5.065986,19060.0,0.12109299,9530.0,952,0.9,0.12632333,0.88799626,0.23194905,0.35
-2.226661,19080.0,0.121082604,9540.0,953,1.0,0.12631856,0.8880027,0.23193389,0.2
-2.0025024,19100.0,0.12109791,9550.0,954,1.0,0.12632857,0.88799334,0.23191136,0.25
-1.4348595,19120.0,0.121102124,9560.0,955,1.0,0.1263352,0.88800806,0.23190485,0.3
-2.929123,19140.0,0.1210895,9570.0,956,0.9,0.12632115,0.8880299,0.2319017,0.25
-2.712172,19160.0,0.121076494,9580.0,957,0.9,0.12631269,0.88803726,0.2318938,0.1
-4.0581217,19180.0,0.12104924,9590.0,958,0.8,0.12627725,0.88802934,0.23187086,0.4
-3.4758828,19200.0,0.12103911,9600.0,959,0.9,0.12626292,0.8880145,0.23185521,0.3
-3.6061292,19220.0,0.121026866,9610.0,960,0.8,0.12624477,0.8880358,0.23184651,0.4
-4.213681,19240.0,0.12103015,9620.0,961,0.8,0.12623054,0.88805175,0.23181754,0.45
-3.8783035,19260.0,0.121029966,9630.0,962,0.8,0.12622367,0.8880504,0.23179965,0.25
-3.5552413,19280.0,0.12102903,9640.0,963,0.9,0.12624492,0.888061,0.2317827,0.3
-2.120936,19300.0,0.12101606,9650.0,964,1.0,0.12622662,0.8880808,0.23176274,0.5
-1.7778332,19320.0,0.121040724,9660.0,965,1.0,0.1262454,0.88807195,0.23173733,0.35
-2.9434104,19340.0,0.12102707,9670.0,966,1.0,0.12624411,0.8880759,0.23173065,0.35
-2.9245024,19360.0,0.121013194,9680.0,967,0.9,0.1262427,0.888082,0.23170514,0.2
-2.6837857,19380.0,0.12104122,9690.0,968,1.0,0.12630852,0.8880892,0.23170227,0.2
-2.862353,19400.0,0.12104766,9700.0,969,0.9,0.12634814,0.8880897,0.23168038,0.15
-2.920988,19420.0,0.12103054,9710.0,970,0.7,0.12634973,0.88810015,0.23166418,0.45
